{"type":"FeatureCollection","features":[{"type":"Feature","properties":{"name":"An Giang","type":"Tỉnh","region":"NAM","lon":105.0347,"lat":10.1779},"geometry":{"type":"MultiPolygon","coordinates":[[[[103.4359257109029,9.264693584541362],[103.43856777068612,9.267513969993786],[103.43909732478176,9.263941369098973],[103.4359257109029,9.264693584541362]]],[[[103.45849351236575,9.29011897820834],[103.46230676284688,9.29342108821271],[103.46258434039504,9.289617813911036],[103.45849351236575,9.29011897820834]]],[[[103.47609321602914,9.303942567095817],[103.48043512398186,9.305776874703042],[103.48061583015652,9.304221258004702],[103.47609321602914,9.303942567095817]]],[[[103.4793099381032,9.317767569717603],[103.44828457667194,9.29281772495807],[103.43080375798712,9.314572987153667],[103.4517672237784,9.32738685591869],[103.4793099381032,9.317767569717603]]],[[[103.41860703368769,9.309386586122116],[103.42459817416648,9.31425589339483],[103.42523543286899,9.310858462448152],[103.41860703368769,9.309386586122116]]],[[[103.48667919698744,9.321788023098861],[103.49115276119102,9.324131909060384],[103.49106485515898,9.321903509539368],[103.48667919698744,9.321788023098861]]],[[[103.49707848858145,9.3252021364695],[103.50341278966857,9.32551944786428],[103.50372212227819,9.321549020171176],[103.49707848858145,9.3252021364695]]],[[[104.02843108802438,9.797622731503907],[104.02555738356648,9.801112072264345],[104.02886387686647,9.800736920972156],[104.02843108802438,9.797622731503907]]],[[[103.99304669105203,9.902647823638176],[103.98945242728774,9.90540233914669],[103.99284048100344,9.905758272826063],[103.99304669105203,9.902647823638176]]],[[[104.02194249924702,9.906991784743127],[104.019067158023,9.910481718156802],[104.02237541939013,9.910106595642901],[104.02194249924702,9.906991784743127]]],[[[103.98876397827502,9.909860469185332],[103.98802319501448,9.915519027780931],[103.99324719400283,9.913825476664442],[103.98876397827502,9.909860469185332]]],[[[104.01458352770771,9.91126669949864],[104.00903310269558,9.913276191443117],[104.01616689028981,9.9154241169295],[104.01458352770771,9.91126669949864]]],[[[104.0214458720294,9.916902488159337],[104.02043448006725,9.92153162608372],[104.02402611781116,9.917470740981969],[104.0214458720294,9.916902488159337]]],[[[103.9983469651404,9.918433632506208],[103.99997768782009,9.923764079748537],[104.00137061805964,9.916309927561144],[103.9983469651404,9.918433632506208]]],[[[103.98134446797286,9.918651011235227],[103.97798966219324,9.921689057803803],[103.9813583759883,9.9218152902435],[103.98134446797286,9.918651011235227]]],[[[103.99309396841198,9.92790157899475],[103.99021784567708,9.931391243511143],[103.99352649555141,9.931016565262325],[103.99309396841198,9.92790157899475]]],[[[104.01629874619022,9.928865546108113],[104.01875065242075,9.934797765704388],[104.02130298324613,9.931955122031297],[104.01629874619022,9.928865546108113]]],[[[104.02393149923938,9.94607945140558],[104.00768294511187,9.965852162647252],[104.01166960916521,9.970065703169723],[104.02393149923938,9.94607945140558]]],[[[104.01725219123568,9.974341965109659],[104.01188126370943,9.985616171149445],[104.02489117388865,9.969591016712116],[104.01725219123568,9.974341965109659]]],[[[104.03690571802451,9.993874580747331],[104.04015284527765,9.994697603411737],[104.04096793502225,9.992237830811291],[104.03690571802451,9.993874580747331]]],[[[104.00629533795956,9.993948883634118],[104.01134869688491,9.99755844396708],[104.0109257933907,9.992168400451362],[104.00629533795956,9.993948883634118]]],[[[104.03305235058559,9.99960881099787],[104.02974686182824,10.006781441210592],[104.03429770027873,9.999727596151672],[104.03305235058559,9.99960881099787]]],[[[104.03898380036213,10.416394187641686],[104.07859327615881,10.356068856392653],[104.07966584989913,10.247931601861978],[104.01610971589076,10.082996283052069],[104.04118655211772,10.070335541851819],[104.02822700936906,10.032763083549526],[104.05003009930971,10.00635837673775],[104.00733368799933,10.012006552660353],[103.95170500498205,10.228408977692197],[103.9149944371436,10.288508071890078],[103.85468322794867,10.308622715266154],[103.8319392016329,10.36846778875747],[103.9258958337258,10.362523349173273],[103.98938414626139,10.452165051176223],[104.03898380036213,10.416394187641686]]],[[[103.81383255283009,10.358673847919817],[103.81022790909077,10.361427421838073],[103.81362316997337,10.361786534620933],[103.81383255283009,10.358673847919817]]],[[[104.33588522072642,9.702796052995495],[104.33647984436936,9.71602653179906],[104.33705547163277,9.701819697720907],[104.33588522072642,9.702796052995495]]],[[[104.34572763682104,9.719941979438829],[104.3483387230537,9.728192501083129],[104.3470949570667,9.719612952575744],[104.34572763682104,9.719941979438829]]],[[[104.33712515020557,9.728743809779019],[104.33353852528279,9.731503365987578],[104.33692430910963,9.731853622246945],[104.33712515020557,9.728743809779019]]],[[[104.04403182900575,9.819819184907487],[104.0446578057132,9.825232545145866],[104.04731234538849,9.824200154913285],[104.04403182900575,9.819819184907487]]],[[[104.09379622091893,9.843682833895741],[104.09268139343163,9.852007812210786],[104.09710735472072,9.852019674268604],[104.09379622091893,9.843682833895741]]],[[[104.33192449312094,10.287286459802317],[104.32257265810176,10.288279081114752],[104.33232779858912,10.288036972828081],[104.33192449312094,10.287286459802317]]],[[[104.3134738329511,10.290321678902387],[104.31176271088049,10.294493664451124],[104.31478613806985,10.29339968774542],[104.3134738329511,10.290321678902387]]],[[[104.33573992355866,10.291708741964896],[104.34130671443336,10.297216766640531],[104.33756424959051,10.290536070982967],[104.33573992355866,10.291708741964896]]],[[[104.3144282438684,10.300959564232528],[104.31764638777065,10.307735783179908],[104.31927553034149,10.305869399453286],[104.3144282438684,10.300959564232528]]],[[[104.32097731565068,10.311808856793334],[104.31926616660036,10.31598105188408],[104.32228986988167,10.3148869276896],[104.32097731565068,10.311808856793334]]],[[[104.32209711369092,10.323251020218436],[104.33677433097068,10.32195209071648],[104.32652072415215,10.313778107673556],[104.32209711369092,10.323251020218436]]],[[[104.27335221932952,10.35425197045214],[104.27359132028329,10.357965346723404],[104.27601737370287,10.353913246199397],[104.27335221932952,10.35425197045214]]],[[[104.31793060231553,10.354487006470208],[104.31949145306817,10.36157640622622],[104.3190915011719,10.354283577125443],[104.31793060231553,10.354487006470208]]],[[[104.30816096026018,10.362072501944454],[104.30528411626904,10.365569067858246],[104.30846131313916,10.365197907757306],[104.30816096026018,10.362072501944454]]],[[[104.075773956403,10.387348948994827],[104.07278068797842,10.390752682390428],[104.07607120032571,10.390502074611106],[104.075773956403,10.387348948994827]]],[[[104.32849094180358,10.39458814073015],[104.32891261682386,10.40255955328081],[104.33094593630597,10.402729652851235],[104.32849094180358,10.39458814073015]]],[[[104.33477630088566,10.40157377940642],[104.33306468418789,10.405746698451424],[104.33617376730558,10.404447251839258],[104.33477630088566,10.40157377940642]]],[[[104.33020049455723,10.40418650870049],[104.32818022963397,10.40822951797793],[104.33120495274642,10.407134316395627],[104.33020049455723,10.40418650870049]]],[[[104.06244238930486,10.406913119145202],[104.0591801741258,10.4100580429444],[104.06252066000053,10.410113203761398],[104.06244238930486,10.406913119145202]]],[[[104.05377836388044,10.413167522663116],[104.05080740763583,10.416588365660573],[104.05397717430719,10.416348112675337],[104.05377836388044,10.413167522663116]]],[[[104.04844081559122,10.415584255509032],[104.04490601769862,10.418434539822215],[104.0481292175894,10.41875079901024],[104.04844081559122,10.415584255509032]]],[[[104.3405643456681,10.424028424572157],[104.34308237994793,10.427809116897265],[104.34233247126662,10.423310729606555],[104.3405643456681,10.424028424572157]]],[[[104.32337489383633,10.430395607571256],[104.32028046337274,10.44591599053058],[104.33172275630022,10.43975675686886],[104.32337489383633,10.430395607571256]]],[[[104.3329252559958,10.451250578251631],[104.32973014732852,10.45445773243847],[104.33294649708324,10.454278790733667],[104.3329252559958,10.451250578251631]]],[[[104.39359977421026,9.635351899770399],[104.3861101536607,9.639631789575503],[104.39831667877178,9.643782447701824],[104.39359977421026,9.635351899770399]]],[[[104.35647983227852,9.645345682557263],[104.35913351669848,9.645172688968444],[104.35893581423647,9.643148354612947],[104.35647983227852,9.645345682557263]]],[[[104.39410101494997,9.64818493398758],[104.39051655739325,9.65094505766831],[104.39390111274622,9.65129433996185],[104.39410101494997,9.64818493398758]]],[[[104.35243984742107,9.650364655004864],[104.35500446118698,9.649946876747038],[104.35281495014988,9.647407260536681],[104.35243984742107,9.650364655004864]]],[[[104.38037260491183,9.655468463199043],[104.38408246033731,9.65577321556151],[104.3815691753772,9.651719765155065],[104.38037260491183,9.655468463199043]]],[[[104.35549194499731,9.653607067112489],[104.35593617141723,9.657874601131994],[104.35868086093302,9.654985351892549],[104.35549194499731,9.653607067112489]]],[[[104.38828753014548,9.66020807744087],[104.39224445901465,9.677110605969744],[104.39819033841343,9.675499005574693],[104.38828753014548,9.66020807744087]]],[[[104.37991345334325,9.67763066412391],[104.37704737963293,9.68112406172611],[104.38035130177121,9.680743441656546],[104.37991345334325,9.67763066412391]]],[[[104.39706508778363,9.67996977108811],[104.39348011581473,9.682730107008865],[104.39686519906974,9.683079363222078],[104.39706508778363,9.67996977108811]]],[[[104.3552548036663,9.65937042280683],[104.33851235895827,9.6851662328354],[104.34787563964909,9.71188521313212],[104.3552548036663,9.65937042280683]]],[[[104.398410622852,9.684417853900868],[104.39554476857626,9.687911549178693],[104.39871135704357,9.687539460078085],[104.398410622852,9.684417853900868]]],[[[104.38449405755478,9.6837974071247],[104.38524924435723,9.692960559881953],[104.38912777932364,9.69302753779067],[104.38449405755478,9.6837974071247]]],[[[104.37621635929759,9.698989408034777],[104.38081071504251,9.707457332689785],[104.37704137755759,9.698254870565847],[104.37621635929759,9.698989408034777]]],[[[104.35985412906484,9.709131493523671],[104.35698727744096,9.712624818280801],[104.36029174187047,9.712244494088168],[104.35985412906484,9.709131493523671]]],[[[104.35362349013201,9.73673692926593],[104.35839082057998,9.742162431251245],[104.35820434075777,9.738214047740144],[104.35362349013201,9.73673692926593]]],[[[104.49536696521335,9.976247524203927],[104.49249869355992,9.979744375202813],[104.4956695978737,9.979370624155024],[104.49536696521335,9.976247524203927]]],[[[104.50158078232732,10.087786273717597],[104.5052097041646,10.086502610207333],[104.50019270123221,10.085590420661447],[104.50158078232732,10.087786273717597]]],[[[104.50337093861799,10.108729243060168],[104.49452238759818,10.103532208444733],[104.49849018567357,10.113764371828324],[104.50337093861799,10.108729243060168]]],[[[104.49325786166105,10.126153144552006],[104.49691124775592,10.128424510083107],[104.49711449273968,10.122936664395581],[104.49325786166105,10.126153144552006]]],[[[104.49425764697287,10.13569790753246],[104.49305640183155,10.138867163388909],[104.49531989919404,10.137943042537415],[104.49425764697287,10.13569790753246]]],[[[104.49810629926634,10.138864955553288],[104.49475554583182,10.14191243601016],[104.49790749333619,10.141977169211032],[104.49810629926634,10.138864955553288]]],[[[104.49176826869069,10.139002784750744],[104.49325989322955,10.144829562434381],[104.49401945073714,10.144727207894391],[104.49176826869069,10.139002784750744]]],[[[104.50568625221882,10.150852055078303],[104.50281572056912,10.15435009947754],[104.5061270135509,10.153967173546278],[104.50568625221882,10.150852055078303]]],[[[104.34441492700734,10.297252337525379],[104.34783212415329,10.301937965464788],[104.35007469609042,10.29768139597968],[104.34441492700734,10.297252337525379]]],[[[104.65526279714044,9.81921729384311],[104.61171572160333,9.798246372671997],[104.6159411367741,9.81355292562705],[104.65526279714044,9.81921729384311]]],[[[104.83663405821528,9.949610215838845],[104.82686675889386,9.968505509821455],[104.85147147083177,9.978832807987772],[104.83663405821528,9.949610215838845]]],[[[104.86165923468599,10.522413302232167],[104.9604889071374,10.646669528476025],[105.09108778917022,10.722175666773637],[105.0282472753915,10.886907236979425],[105.07694078518915,10.959641336478569],[105.11220812820261,10.962166353994064],[105.09732006486917,10.922679235458418],[105.18712386607365,10.913173942823278],[105.1945760280613,10.850021599916943],[105.25714550685973,10.802097796476176],[105.26427126980332,10.76863897660752],[105.30064429689685,10.760657812707962],[105.2763355932131,10.724771926783035],[105.34754429863051,10.722543838427441],[105.34091219873903,10.639764221741473],[105.36863023319876,10.575542896987145],[105.47828097388788,10.53585795368167],[105.52484013076747,10.541857743839842],[105.56815248684785,10.481762380929183],[105.57208441186617,10.430849497206566],[105.55204544464164,10.435671544206457],[105.52256906201268,10.40156702909519],[105.52702328539635,10.377231202757855],[105.48954241584988,10.347282882898753],[105.49295568295844,10.327878607711625],[105.42489701308676,10.304089423488165],[105.43966488292807,10.27069919311333],[105.33457724294544,10.23528763121925],[105.29940895126214,10.27813549555674],[105.22400006924784,10.202041738435526],[105.29633321770388,10.139392305410638],[105.31532358261728,10.142346004564502],[105.36264212343531,10.074373405208519],[105.53754861427717,9.913886081977125],[105.51868210489528,9.85999788119733],[105.42893364437225,9.817240380739008],[105.43243497399493,9.792174571099622],[105.40312033893258,9.770281124474366],[105.41361840216757,9.75587703309867],[105.32685432566666,9.702254101745439],[105.33746737981579,9.67709444605191],[105.40482854360249,9.653162483661731],[105.39752428591714,9.6230870913962],[105.34430467891787,9.593635865502847],[105.34027832238672,9.613759342919366],[105.32590852126128,9.600039485433967],[105.28680668038407,9.631669134622939],[105.28463473310649,9.600863665525765],[105.3281683026251,9.529070941270959],[105.29669698357901,9.503875604075915],[105.2937715339292,9.434963303113989],[105.26034637118812,9.399935198650553],[105.00111157713764,9.559517990063227],[104.99271382298463,9.539689272641851],[104.96116411902892,9.556659838480812],[104.94406286011298,9.53399919370787],[104.91535799777341,9.564121562060507],[104.8796583263707,9.495187691758645],[104.83289688588263,9.53189009375285],[104.85611415164686,9.720667798879845],[104.89305780397456,9.845246227931113],[104.95425523838861,9.855223882276391],[105.05794320591428,9.948075368983154],[105.10130812916691,9.930375737150598],[105.10722793811891,9.951741911260228],[105.07226255687158,10.013808626766775],[104.98226260363629,10.099562872528566],[104.87878199729141,10.092475609561802],[104.80744257181732,10.191902832050118],[104.7466604937868,10.226439693537088],[104.69667384342318,10.210309829235257],[104.64220066872593,10.137298475943965],[104.60046125208515,10.14396893461867],[104.60812527096454,10.16395674480799],[104.56579346099949,10.277595784517871],[104.54308484458994,10.292633316974047],[104.52911950636019,10.278091730948688],[104.52529388300638,10.324821629514645],[104.48216483124202,10.38027071702004],[104.44047714000806,10.36673142361633],[104.45076151623107,10.400656794675399],[104.43693743631371,10.422998745795553],[104.50955738306686,10.42153358470722],[104.59649243417857,10.540821722144813],[104.86165923468599,10.522413302232167]]],[[[104.54851028811936,10.016517444124815],[104.55313088788023,10.038710773283583],[104.55675083718143,10.017813051531164],[104.54851028811936,10.016517444124815]]],[[[104.51036791324867,10.089058402523278],[104.50749832318911,10.092556142951707],[104.51080861342683,10.092173183745501],[104.51036791324867,10.089058402523278]]],[[[104.51179564275475,10.096732557661483],[104.5092418523297,10.105882891482281],[104.51168919360146,10.107871395948223],[104.51179564275475,10.096732557661483]]],[[[104.53836175808874,10.125590784087478],[104.54401242423404,10.133203449879375],[104.5409730286824,10.12346509973463],[104.53836175808874,10.125590784087478]]],[[[104.5534411081207,10.13317725802409],[104.55057163587236,10.136675851909104],[104.55374485414177,10.136301119700988],[104.5534411081207,10.13317725802409]]],[[[104.54597967232405,10.136110299750555],[104.54238874774256,10.138875418265968],[104.54550182295083,10.139218006905537],[104.54597967232405,10.136110299750555]]],[[[104.52163757591347,10.139666292865172],[104.51729074866915,10.144220852710248],[104.51830250305812,10.145185481724639],[104.52163757591347,10.139666292865172]]],[[[104.53177717028024,10.14056086469219],[104.52890722588785,10.144059205867734],[104.53221830483096,10.143675873442874],[104.53177717028024,10.14056086469219]]],[[[104.54880738275455,10.140265394232586],[104.54728908072656,10.146863459281292],[104.55150658366199,10.145910055604645],[104.54880738275455,10.140265394232586]]],[[[104.54983098121488,10.14967603052446],[104.54911042460645,10.154196953926316],[104.55324174101361,10.14901839228503],[104.54983098121488,10.14967603052446]]],[[[104.58724777136763,10.152875960457266],[104.58598531836782,10.155865295247224],[104.59096268637893,10.15491312454111],[104.58724777136763,10.152875960457266]]],[[[104.51970489776289,10.149109459434044],[104.52278077161537,10.160947341646533],[104.5246275744031,10.160357719133458],[104.51970489776289,10.149109459434044]]],[[[104.57346267706095,10.153774371490101],[104.57609463026301,10.15806463047835],[104.58042201596334,10.156068095066587],[104.57346267706095,10.153774371490101]]],[[[104.52999391178963,10.161275134639823],[104.52712364813789,10.164773574740707],[104.53029734214869,10.1643991797784],[104.52999391178963,10.161275134639823]]],[[[104.57838077525264,10.168509750624537],[104.57540076103635,10.17191740596354],[104.57850820828725,10.171748197621298],[104.57838077525264,10.168509750624537]]],[[[104.57790770397742,10.173427373974164],[104.57510855331714,10.176976078083612],[104.57821188077372,10.176551411918183],[104.57790770397742,10.173427373974164]]],[[[104.58902004643807,10.177345938664189],[104.59191364569824,10.18098258118124],[104.59041335978878,10.176530959536194],[104.58902004643807,10.177345938664189]]],[[[104.53163754963327,10.17067772469727],[104.52210336807605,10.186239912641895],[104.52511147081776,10.189916075866279],[104.53163754963327,10.17067772469727]]],[[[104.57133484332843,10.178706406075833],[104.56846503923026,10.182205515272358],[104.5717766586659,10.181821532637684],[104.57133484332843,10.178706406075833]]]]}},{"type":"Feature","properties":{"name":"Bắc Ninh","type":"Tỉnh","region":"BAC","lon":106.4573,"lat":21.3014},"geometry":{"type":"Polygon","coordinates":[[[106.295228248385,21.11855156070601],[106.3096204354348,21.059728280735612],[106.27119910705323,20.991851607565707],[106.22939979556418,20.995915408269525],[106.16594197184457,20.96930609759835],[106.16638338338652,20.987796095013834],[106.13622286219538,21.001976758820433],[106.11481423738718,20.98407753864757],[106.08996569855822,21.00796332354861],[105.99900933791065,21.001745331781706],[106.01836448313446,21.042247828074835],[106.00809998372733,21.06327717190402],[105.93992566014117,21.085055579051755],[105.91102061231146,21.12554333006068],[105.92458957434945,21.144008680656157],[105.9033111461925,21.22702070014526],[105.93650940458542,21.24745956800473],[105.92867163398876,21.296101134759624],[105.8971480976067,21.306654779694384],[105.87908451643733,21.33931376501829],[105.90434272883391,21.34846760619513],[105.90786014013344,21.37656036656773],[105.93791562320752,21.373005924783627],[105.95866242343214,21.43764856482943],[106.0248196576012,21.39779643126036],[106.02477107442559,21.432920963731533],[106.04960800210768,21.454312867444912],[106.03633567874863,21.49238714385166],[106.05364712091796,21.55190826805216],[106.02906108340233,21.563494625176872],[106.07713926806281,21.619476391921978],[106.15996682940573,21.626254179287002],[106.18304070096764,21.605302992838915],[106.16714400838936,21.596255028846542],[106.16710035439792,21.513074873906362],[106.24202521768973,21.483567195769524],[106.28591956823357,21.492385394670293],[106.28091509195798,21.453965623914485],[106.32642845331054,21.448353457745952],[106.32262321219156,21.41109024751694],[106.3486574990444,21.396979961955708],[106.41068230164694,21.406483258095932],[106.41605025871252,21.437811237798428],[106.48025679591444,21.448889980688136],[106.51888134140086,21.499315551471568],[106.50567761293155,21.52497798844348],[106.55135057966555,21.59179859223127],[106.61429050000663,21.608694459481796],[106.69688738524468,21.596455487730623],[106.69776063144803,21.57285878990126],[106.74084860038266,21.542933232782502],[106.78432146026722,21.577777409699763],[106.84219550761662,21.560549615272578],[106.86398143219742,21.53490917122133],[106.84072302155028,21.495883772718003],[106.88806639714659,21.491177933414917],[106.90973368316298,21.431362553738893],[106.98382748205273,21.440056137181045],[107.0016808430965,21.424000868944972],[106.98554953718144,21.361292220059966],[107.03222636855213,21.31746138413564],[106.97129675763932,21.285320013507885],[106.97690226163013,21.22845586254806],[106.93346749882608,21.170163309389295],[106.82635066365225,21.18851362320521],[106.8312572559177,21.153049600258896],[106.78960257609805,21.15017708920135],[106.63971558520615,21.181254708438075],[106.60783216712088,21.171898849852084],[106.5422623242469,21.192295349750623],[106.52656189881264,21.22337990905561],[106.48656639712158,21.23817814540513],[106.42306267020615,21.232128306176435],[106.34515547694377,21.167078739991894],[106.31129572491784,21.194510736980988],[106.32110058622311,21.149021592572467],[106.295228248385,21.11855156070601]]]}},{"type":"Feature","properties":{"name":"Cao Bằng","type":"Tỉnh","region":"BAC","lon":106.2579,"lat":22.7301},"geometry":{"type":"Polygon","coordinates":[[[106.56468640235562,22.425843165030074],[106.48926038016248,22.4030107731287],[106.48565854140861,22.3701249311207],[106.45193415803504,22.358256551099032],[106.39484233200807,22.374625145833875],[106.36004061837991,22.357999736198906],[106.33114743890326,22.41186213093266],[106.24004129437031,22.460878833691254],[106.21292219760142,22.45107657682263],[106.18298356164212,22.38830094283429],[106.16331606028803,22.41110280005421],[106.10720081526546,22.400206865954146],[106.09222002463451,22.444958415198755],[106.11736990559672,22.47265753062061],[106.11762223467844,22.511454618236087],[106.0718753337797,22.555697388623628],[106.07925571098235,22.575075051972135],[106.04591540107498,22.5786621481397],[105.95495322091449,22.524866435437673],[105.93118333704143,22.52911771151321],[105.90419533624583,22.496610483187283],[105.86302186566661,22.52154401874151],[105.80253567717983,22.52458322183827],[105.7258334000914,22.636921129606492],[105.77450818240675,22.691836573798867],[105.73793022320132,22.741653589541556],[105.61391694700956,22.69908095012579],[105.59899521215937,22.668439582121096],[105.54636832943493,22.65749526809219],[105.53542338677994,22.634648836874362],[105.4962973676295,22.634995204465156],[105.48628360100741,22.675247753081408],[105.50243963378216,22.698416841264248],[105.4758424189925,22.718448635496202],[105.46773588060648,22.75496955250287],[105.38298382134633,22.812234898222016],[105.34659477193122,22.814532374669398],[105.32213374018005,22.84518974700927],[105.26548338415091,22.866434374147104],[105.26625103735557,22.881452751043696],[105.3019537952315,22.877341310553106],[105.30601033390985,22.91324035715678],[105.35930211420128,22.940243517824115],[105.37346402174728,22.990665081228542],[105.48914054300172,23.008409836544786],[105.53000618193983,23.11249047055884],[105.56142269719976,23.120299087832677],[105.57602808023177,23.07008411758801],[105.64090736068619,23.083142319562455],[105.72122456076494,23.065401474498515],[105.80109910284136,22.994989014431496],[105.85290984361444,22.981410054630373],[105.87687030641956,22.922269871557376],[105.9163888238852,22.95634051370382],[106.00042310724069,22.941568725516333],[105.99982427387118,22.99324746919541],[106.08196111271525,23.001661289736774],[106.19542388530414,22.99192645594121],[106.25916891381439,22.918516400811313],[106.26092685818804,22.889626547926923],[106.3432876282215,22.858538589184604],[106.3719513411815,22.88571887042957],[106.40736708222511,22.875286233772727],[106.44703071969201,22.90474161183596],[106.49666999072753,22.906774576085866],[106.51114958018906,22.947786044590316],[106.56403686700787,22.920284021890154],[106.59071619889352,22.93422641391794],[106.64610892498695,22.86883294608367],[106.66737891030851,22.893735007164878],[106.70710082294471,22.890377787604848],[106.70575252336033,22.866061350650853],[106.76659370303702,22.827763019847566],[106.76313588801088,22.810991748270624],[106.80855313431977,22.821573148082393],[106.83486889368453,22.80465918377439],[106.76393533314916,22.743526715485586],[106.77786843877749,22.70881590353116],[106.73524842937155,22.663847823618198],[106.72949344276822,22.59451536838958],[106.65331185695669,22.576804113718936],[106.62956470434767,22.605888212970683],[106.60598938430269,22.60222139999769],[106.58282528375992,22.476672628539006],[106.55808013189261,22.451444492169628],[106.56468640235562,22.425843165030074]]]}},{"type":"Feature","properties":{"name":"Cà Mau","type":"Tỉnh","region":"NAM","lon":105.1455,"lat":9.0812},"geometry":{"type":"MultiPolygon","coordinates":[[[[104.88045570576628,8.382026748036026],[104.87708598832774,8.383505062608606],[104.87949788911635,8.384474271870204],[104.88045570576628,8.382026748036026]]],[[[104.84791481131953,8.419040914406708],[104.85413533108073,8.412801091597146],[104.84789391916911,8.41244805283543],[104.84791481131953,8.419040914406708]]],[[[104.84030104385818,8.45535127314281],[104.83702576602633,8.426316657287941],[104.8161236636762,8.427090170475026],[104.84030104385818,8.45535127314281]]],[[[104.56605273284742,8.883122938772658],[104.56172721593833,8.883297301129573],[104.56405436731524,8.884873418773282],[104.56605273284742,8.883122938772658]]],[[[104.53060315211383,8.949755946679659],[104.52047445303361,8.953636943090487],[104.52443799911441,8.960018086265734],[104.53060315211383,8.949755946679659]]],[[[104.94855167412055,9.540208775914323],[104.96116411902892,9.556659838480812],[104.99271382298463,9.539689272641851],[105.00111157713764,9.559517990063227],[105.26034637118812,9.399935198650553],[105.2937715339292,9.434963303113989],[105.29669698357901,9.503875604075915],[105.3281683026251,9.529070941270959],[105.28463473310649,9.600863665525765],[105.29105228893206,9.63837146617027],[105.3066483309558,9.608757681521809],[105.34027832238672,9.613759342919366],[105.34302810656192,9.594247293877572],[105.37753852977937,9.586613189147386],[105.4143354999834,9.603318579089205],[105.4874986291585,9.583324250613714],[105.53352658438445,9.598501873162945],[105.55383477085803,9.561366724594734],[105.5430718599784,9.45207860944032],[105.5787242108537,9.412384007416051],[105.59750131233574,9.424891586877266],[105.64846616967804,9.388780148285264],[105.70086513182042,9.37855780369972],[105.70480159481781,9.3979349040726],[105.77014142079003,9.41234946265763],[105.81093154995114,9.371087829739622],[105.83927856665258,9.404568981573277],[105.85867358691655,9.365325956128004],[105.81072532641275,9.340398938860005],[105.82561763994221,9.245834438808345],[105.53283555791472,9.11591013194709],[105.41375392730197,9.023593626744514],[105.32859212522646,8.835291296955859],[105.26886718407337,8.770078859951468],[105.1798076123315,8.74038276125549],[105.10714459524695,8.637094991140998],[104.8315317761706,8.565021298893896],[104.72040453394214,8.603052973515958],[104.71147960709823,8.634937325097496],[104.81558194714921,8.652860544578516],[104.78866499639253,8.679170579758477],[104.78831247833824,8.714535765413302],[104.86906481808694,8.750921356935123],[104.90032227205529,8.796995667715919],[104.80898581204565,8.773421965551336],[104.77887990398443,8.817656553007566],[104.80048920980926,9.025599957572012],[104.81558859313913,9.035070910494198],[104.8018020671118,9.046517209002047],[104.80626584669153,9.182218780472397],[104.83289688588263,9.53189009375285],[104.8796583263707,9.495187691758645],[104.91535799777341,9.564121562060507],[104.94855167412055,9.540208775914323]]],[[[104.80099215386485,9.178757451795036],[104.79759687319722,9.180214126880514],[104.80019485720698,9.181070876819547],[104.80099215386485,9.178757451795036]]]]}},{"type":"Feature","properties":{"name":"Cần Thơ","type":"Thành phố","region":"NAM","lon":105.7429,"lat":9.7852},"geometry":{"type":"Polygon","coordinates":[[[105.97912098644446,9.884277838051844],[106.06846761009217,9.778299380012413],[106.30187852627301,9.584214584835252],[106.25720427555694,9.513768948778022],[106.20405846602546,9.49551033613318],[106.1562289430114,9.41097708102751],[106.18750577017522,9.403971323617725],[106.16327567173494,9.355572384058348],[105.82561763994221,9.245834438808345],[105.81072532641275,9.340398938860005],[105.85720136525089,9.360662585509942],[105.84031446334188,9.404124292002507],[105.81093154995114,9.371087829739622],[105.77014142079003,9.41234946265763],[105.70480159481781,9.3979349040726],[105.70086513182042,9.37855780369972],[105.64846616967804,9.388780148285264],[105.59750131233574,9.424891586877266],[105.5787242108537,9.412384007416051],[105.5430718599784,9.45207860944032],[105.55383477085803,9.561366724594734],[105.53440499539425,9.598080201739947],[105.4874986291585,9.583324250613714],[105.4143354999834,9.603318579089205],[105.37552642620369,9.588067377607445],[105.40482854360249,9.653162483661731],[105.33746737981579,9.67709444605191],[105.32685432566666,9.702254101745439],[105.41361840216757,9.75587703309867],[105.40312033893258,9.770281124474366],[105.43243497399493,9.792174571099622],[105.42893364437225,9.817240380739008],[105.51868210489528,9.85999788119733],[105.53754861427717,9.913886081977125],[105.36264212343531,10.074373405208519],[105.31532358261728,10.142346004564502],[105.29633321770388,10.139392305410638],[105.22400006924784,10.202041738435526],[105.29940895126214,10.27813549555674],[105.33457724294544,10.23528763121925],[105.43966488292807,10.27069919311333],[105.42489701308676,10.304089423488165],[105.49295568295844,10.327878607711625],[105.59810952383549,10.239508555175746],[105.66012520191657,10.14855903926832],[105.78285290084074,10.068213337875306],[105.86414304776349,9.962322756190304],[105.97912098644446,9.884277838051844]]]}},{"type":"Feature","properties":{"name":"Gia Lai","type":"Tỉnh","region":"TRUNG","lon":108.3416,"lat":13.8334},"geometry":{"type":"MultiPolygon","coordinates":[[[[109.25357116857464,13.68009744973756],[109.2484829096586,13.68153934716321],[109.2504603776444,13.685843368476696],[109.25357116857464,13.68009744973756]]],[[[109.23949020990534,13.683054810930855],[109.2359882957233,13.686062991913616],[109.2388775989221,13.686917586177685],[109.23949020990534,13.683054810930855]]],[[[108.55809120304667,14.587154049419894],[108.61110735012414,14.534087365839298],[108.70204396885413,14.615115732704965],[108.73244630605222,14.590176456778124],[108.75712562125051,14.596639566862564],[108.76137807004199,14.671635000854678],[108.81143940100759,14.672169924802233],[108.83632167160789,14.694867019097728],[108.93216040487886,14.698417357275275],[109.03400866706642,14.646962364021931],[109.04423197212787,14.608470047654635],[109.07962959273158,14.57950403568276],[109.06550456458405,14.559479131157048],[109.12083282907184,14.445643442091239],[109.11843979066384,14.37336937279838],[109.18430322261571,14.282665431164787],[109.1962812821555,14.233723846078703],[109.18136642621965,14.207002382753785],[109.22592497106064,14.139212368256267],[109.202150033897,14.130305666173626],[109.17220188760712,14.175531405450045],[109.16713999411547,14.134295751247976],[109.2078308929814,14.127480370422802],[109.25196993196687,14.018335381472752],[109.25756828724673,13.964153916270277],[109.24125817092789,13.94341394909452],[109.2954373113829,13.884389117563785],[109.28699091559832,13.755473690858196],[109.25132958229443,13.760032144767706],[109.2812265760457,13.815294422399745],[109.26200773566853,13.803802106482067],[109.24293127056177,13.897272261106025],[109.22095497479233,13.92502260820686],[109.21914483556577,13.786689632120897],[109.24920395369958,13.772759113842085],[109.21382224390152,13.746911388649721],[109.23099947124865,13.672844307718663],[109.19731707632207,13.695329465982127],[109.161309566983,13.68271293995025],[109.14931813182636,13.634802949196796],[109.11845835986549,13.640593339411112],[109.11589379915955,13.587169222981288],[108.99087434077825,13.517668290559186],[108.87051955972998,13.53663694044252],[108.84895079804096,13.570419486570074],[108.8080682473518,13.578091774715688],[108.73818121529092,13.556376406446077],[108.70272593915081,13.48503881828691],[108.73887841290849,13.459277405527871],[108.79191660236938,13.475294422000047],[108.80830770623572,13.359657640887463],[108.86932843465956,13.285664134392334],[108.86895425193723,13.252660641275611],[108.83780990390403,13.163178986221283],[108.76012849713248,13.135235534892047],[108.75392127384777,13.033540988425898],[108.6919095743674,13.017471365211406],[108.67843282431545,12.997335878248236],[108.59034038260262,13.030688072696421],[108.51118613633116,13.035673101132772],[108.51360649614293,13.072080252102012],[108.45991705362917,13.119997333110462],[108.46232924220084,13.156407524687552],[108.42350444827173,13.19677449944362],[108.41894294566049,13.241047479857343],[108.37353458195543,13.268794192797827],[108.3440499102752,13.340318440643557],[108.14235811503505,13.408677337489166],[108.05278881115476,13.41468530518273],[108.00894931565847,13.382901871024558],[107.98219026337,13.394639005785564],[107.94105827132222,13.374481911710916],[107.83446513655684,13.399945933058405],[107.76315215025159,13.365854710826284],[107.69608726361639,13.374183629071297],[107.60542687614947,13.3052745566755],[107.62993605670374,13.36170422267179],[107.61599748139872,13.529135937173805],[107.53186103595812,13.74382965751272],[107.4488595196512,13.794418696265893],[107.47034217215361,13.851450689497767],[107.45247829084053,13.87079508422579],[107.46918629331287,13.892778681590926],[107.46745492390568,13.953496761166662],[107.52466886887328,13.985452634931221],[107.51974579743069,14.014875089713655],[107.58979009034044,14.023480469448145],[107.61218752243627,14.064421044395715],[107.63130796798839,14.055191010856504],[107.64936243722678,14.070516182475899],[107.65657229937216,14.166964695664205],[107.68629213567357,14.222247203545635],[107.75767144518113,14.203304377694906],[107.78147510309361,14.226680499705367],[107.81454744021227,14.214863699400269],[107.83659132542937,14.237201454283763],[107.83609595276607,14.270453069453652],[107.88083392314712,14.283009377780616],[107.9586268890198,14.229744371205811],[108.01156169331756,14.24159115670659],[108.03592839877666,14.276662532050238],[108.05794747889308,14.266636453709395],[108.08564229555554,14.320132499715157],[108.07629990611582,14.334008209711158],[108.10546378872294,14.340186692461941],[108.11330304320097,14.364233892180437],[108.15099926260592,14.35017487427109],[108.21994948168327,14.392126606457794],[108.29444318660381,14.392025218688957],[108.2961626759668,14.420068161116774],[108.38000776894341,14.513187522586122],[108.35559224468642,14.572954259731375],[108.37289372416609,14.60094281655779],[108.48625542464816,14.545293262074438],[108.55809120304667,14.587154049419894]]],[[[109.2288004741626,13.860564978491027],[109.23044797279579,13.878524813869092],[109.23363414130262,13.881432171857284],[109.24308856108826,13.868024253216788],[109.2288004741626,13.860564978491027]]],[[[109.2010047166944,14.232227927277052],[109.19671370587287,14.233958927962192],[109.19978834675487,14.235237155070706],[109.2010047166944,14.232227927277052]]],[[[109.20970716565324,14.246104023082239],[109.2054159362965,14.247835209927018],[109.20849084337777,14.249113319224364],[109.20970716565324,14.246104023082239]]],[[[109.20921688135405,14.251111263873781],[109.2049255413807,14.252842444423322],[109.20800052040778,14.254120564512505],[109.20921688135405,14.251111263873781]]],[[[109.37026614506658,13.592686542150261],[109.36620748758554,13.594857932747459],[109.36938794629674,13.595825932420894],[109.37026614506658,13.592686542150261]]],[[[109.36046392596944,13.61305844199353],[109.33795282586226,13.621079979157741],[109.3359607807655,13.634498133881834],[109.36046392596944,13.61305844199353]]],[[[109.29904871982262,13.764765584264353],[109.29377468705223,13.76656577249247],[109.29468710772392,13.76845908371979],[109.29904871982262,13.764765584264353]]],[[[109.30260320387481,13.879953529931527],[109.29832051268158,13.881686268106819],[109.30139045370652,13.882962799093946],[109.30260320387481,13.879953529931527]]],[[[109.34738719256495,13.897082437604467],[109.34310452385478,13.89881609578623],[109.34617500627161,13.90009199095266],[109.34738719256495,13.897082437604467]]],[[[109.35182469035726,13.89916729903166],[109.34754201535179,13.900901048045],[109.35061255622458,13.902176881158198],[109.35182469035726,13.89916729903166]]],[[[109.31780039567178,13.901110915636309],[109.31351738881648,13.902843981164835],[109.31658774622758,13.904120307106552],[109.31780039567178,13.901110915636309]]],[[[109.29729471987548,14.141297718914643],[109.29799427371682,14.145928718435641],[109.30127887841758,14.145314385250742],[109.29729471987548,14.141297718914643]]]]}},{"type":"Feature","properties":{"name":"Huế","type":"Thành phố","region":"TRUNG","lon":107.46,"lat":16.3608},"geometry":{"type":"Polygon","coordinates":[[[108.19244818383669,16.211386362390783],[108.05691625418183,16.18007310369086],[107.98739812492357,16.214394207926432],[107.95434461870923,16.190183417930427],[107.90504660981327,16.21530229026854],[107.86560807715108,16.18470249072743],[107.87315935432082,16.161014189753132],[107.81362051707328,16.054180846069244],[107.77210521868096,16.06775584615542],[107.69194960069359,15.996283758089021],[107.61932082799387,16.0333484375804],[107.61808984137315,16.06495746711346],[107.56013071725886,16.051255280406906],[107.54114647313128,16.011760106643635],[107.48878046035003,16.041429415435232],[107.45700432329096,16.02974184680886],[107.44659405187406,16.09103057500107],[107.33206076858966,16.055929575989182],[107.26111660864461,16.137634701580282],[107.19245424007119,16.146080632415305],[107.1576411401266,16.169551464728386],[107.14740692538936,16.269584323957417],[107.08028674124017,16.314409899996917],[107.0169863420461,16.303680335079434],[106.9857907146698,16.345607915073288],[107.03417264804932,16.3759588497212],[107.05521045629757,16.430603249040757],[107.13416196300426,16.4556072842488],[107.1189983402013,16.487236631265546],[107.05812937327204,16.518539643090094],[107.05889311982168,16.54613490839938],[107.17088765024494,16.57980454104677],[107.28471498910551,16.576476217603386],[107.32402091583265,16.604095225914023],[107.30450733344674,16.641661062508092],[107.38619085192636,16.74369454726559],[107.58179551844847,16.596050557287413],[107.7069693697407,16.526146644052403],[107.93301211701566,16.342066026925636],[107.98973064974973,16.314784263483034],[108.02201006001633,16.32366524945178],[108.01762817000412,16.34504792612097],[108.03178318514591,16.336779177916753],[108.08703939325346,16.230259862202956],[108.05605971198617,16.26298196914263],[108.03480723376691,16.261378942883937],[108.05480644735974,16.217486839745902],[108.19244818383669,16.211386362390783]]]}},{"type":"Feature","properties":{"name":"Hà Nội","type":"Thành phố","region":"BAC","lon":105.6933,"lat":20.9833},"geometry":{"type":"Polygon","coordinates":[[[105.8950247523905,21.327552114738353],[105.8971480976067,21.306654779694384],[105.92923361763741,21.29507297673655],[105.93650940458542,21.24745956800473],[105.9033111461925,21.22702070014526],[105.92458957434945,21.144008680656157],[105.91102061231146,21.12554333006068],[105.93992566014117,21.085055579051755],[106.00097676856308,21.07306751095689],[106.01805086615462,21.048380966108766],[105.99900933791065,21.001745331781706],[105.96047301411835,20.9920755855199],[105.96223765844127,20.96507241226209],[105.91009466044028,20.974605425599975],[105.91095375221397,20.918891868165247],[105.89372878885257,20.90012701814743],[105.93438769703465,20.86438567395976],[105.90938156370828,20.833921614490976],[105.91950612590705,20.79512267697004],[105.96597614738135,20.773329257439343],[105.97322398969544,20.700777770677632],[106.0012623563727,20.705280123079262],[105.99598857900975,20.678731482472017],[105.95638109161416,20.651466845718403],[105.94153928221215,20.68253713548046],[105.8940835453194,20.669410038242745],[105.87616064959434,20.644197770410813],[105.8245820733041,20.666401971473874],[105.8320341741379,20.64865168802504],[105.81149104517567,20.635376993153784],[105.7940863073373,20.56990946524968],[105.76797789296546,20.565141829931576],[105.74127428298186,20.60009309542005],[105.66477475804868,20.620591412064073],[105.68315868222749,20.63556720696107],[105.66774559828082,20.67990407791092],[105.68213070406881,20.69533177044491],[105.64189714283896,20.746189212762033],[105.6346840503287,20.84007925994996],[105.59854536137937,20.841821056096933],[105.56112631033102,20.81065154593216],[105.58330468916012,20.85913469261203],[105.54115557916668,20.882341488468967],[105.5780405840058,20.92923976890029],[105.45919961197256,20.948500069822387],[105.38537026592508,21.02514627597992],[105.31504305978945,21.01252494756835],[105.29203326672194,21.053348035983106],[105.3179311947689,21.114707904146485],[105.28501903589984,21.16803305018516],[105.33965143376673,21.209776090194453],[105.36083811488714,21.29242573865696],[105.42320319217362,21.289907547895098],[105.46689485981,21.178246576018694],[105.55684129708823,21.15326155247874],[105.62544112770593,21.1738370354509],[105.61479423206822,21.20512411308738],[105.65629932315528,21.221587100664237],[105.64416247481842,21.23706536657346],[105.68639660941608,21.235315800284013],[105.69618963294528,21.213718043552944],[105.73549628542531,21.2373645512331],[105.72155815798266,21.267554994667307],[105.78832818479793,21.346237616672738],[105.798327181854,21.38597431955924],[105.85462507468753,21.377445094415634],[105.86311577287466,21.33097892473762],[105.8950247523905,21.327552114738353]]]}},{"type":"Feature","properties":{"name":"Hà Tĩnh","type":"Tỉnh","region":"TRUNG","lon":105.6006,"lat":18.357},"geometry":{"type":"MultiPolygon","coordinates":[[[[106.462411402864,18.102930515431012],[106.45229349205107,18.10379304441352],[106.46173520171823,18.108642196080552],[106.462411402864,18.102930515431012]]],[[[105.74035208218288,18.743949849106286],[105.77598926599188,18.757714522507285],[105.81826584679146,18.61172493166032],[105.91036442287987,18.45668973394413],[105.92515233411297,18.45055560395798],[105.94073940360067,18.472178367237916],[105.98834768259951,18.386056737628394],[106.1135347620197,18.268041551876195],[106.08116017470235,18.249604020908862],[106.10445959803207,18.2418468214737],[106.12248476735817,18.26648908190566],[106.15743318379447,18.268235881880514],[106.24768052613541,18.215743367762286],[106.35412309280656,18.113723798214778],[106.30510455722958,18.114357260878933],[106.34145019726884,18.100315725790153],[106.31728473490267,18.08692045341627],[106.33466736380785,18.07646643267975],[106.32640950279637,18.054914661882208],[106.36104270865417,18.108431154873927],[106.40280083928735,18.09923387014703],[106.41055502239641,18.123653045651565],[106.43287844658312,18.124100444879673],[106.42026454657162,18.09165199714198],[106.43985908682748,18.045123655532336],[106.50845944085057,17.96102258762238],[106.44826328282431,17.95109660562389],[106.43548598319165,17.972672400011277],[106.3439035496092,17.990501752753744],[106.28387591194382,17.942461032950348],[106.27797383222662,17.916493009045155],[106.22288596911227,17.930903784182362],[106.12996917363853,17.922174396031608],[106.04391420537632,17.94730864767598],[106.07581419077235,17.990057182792782],[106.05655318388239,18.016425380726787],[106.01857933566788,18.02651065514266],[105.98359688438876,18.065156420132723],[105.95072366616432,18.058707964501025],[105.93052957218208,18.090142637073086],[105.81802638880686,18.06162086860826],[105.82749241973943,18.033511230658803],[105.776772204074,18.018157363471573],[105.73055727529805,18.036155021637],[105.70381973659164,17.993308546752075],[105.59554946333714,18.003553130672515],[105.56825103455765,18.08666659548703],[105.5387329665532,18.08297937419883],[105.53541515978185,18.114921070151297],[105.50335259404704,18.12741333505744],[105.48965192000014,18.20339837583441],[105.44028787208771,18.205170203042485],[105.40831380503812,18.155594692141392],[105.3632007157405,18.163772894803287],[105.31827853092955,18.200791054163858],[105.32747227322687,18.264745532080667],[105.30814533613841,18.26685481010145],[105.29825045899156,18.237662854257394],[105.29671637835821,18.25645071253041],[105.25441624971023,18.26095756963616],[105.24105065496383,18.297541439186148],[105.18283383191584,18.328028651700947],[105.18114540693506,18.389435693802284],[105.1502495235967,18.389140680198295],[105.13897279585791,18.42033986079599],[105.10529699206262,18.440145687773338],[105.11380499860184,18.53752548940986],[105.15705692833461,18.61424336523919],[105.22668078099332,18.589437094546327],[105.293063977021,18.62308168017546],[105.37734130755535,18.579972529508666],[105.47645491036587,18.615665893066534],[105.50233988817536,18.61122098216265],[105.54144013365533,18.554612244059854],[105.5997078313514,18.57753099246139],[105.63519198382306,18.5677713310821],[105.68007121611379,18.58316199762811],[105.71519141475204,18.66870340174063],[105.76591469710564,18.67559207101732],[105.74035208218288,18.743949849106286]]]]}},{"type":"Feature","properties":{"name":"Hưng Yên","type":"Tỉnh","region":"BAC","lon":106.2387,"lat":20.6494},"geometry":{"type":"MultiPolygon","coordinates":[[[[106.59936825434153,20.291597753733413],[106.60401808386752,20.275188499749504],[106.58908796014128,20.25425732861288],[106.57909878817861,20.281181776118103],[106.59936825434153,20.291597753733413]]],[[[106.60589981182693,20.278859535938864],[106.60630625143244,20.286960878042123],[106.60871002684632,20.289756974604757],[106.60589981182693,20.278859535938864]]],[[[106.59582398658779,20.417951153123283],[106.60783899027723,20.43446976017134],[106.60767304917192,20.447272608644028],[106.61032023509085,20.432858391801403],[106.59582398658779,20.417951153123283]]],[[[106.6019655782489,20.466746176594825],[106.60110917904541,20.49037143509372],[106.5981255162796,20.498960003801187],[106.60401955785636,20.492013966771196],[106.6019655782489,20.466746176594825]]],[[[106.39921301376961,20.691708595275486],[106.44081236459903,20.658417724698268],[106.4701373499588,20.599381878271117],[106.49093946568388,20.617365422476325],[106.52907284103884,20.60470284486047],[106.54579376317167,20.628676939589127],[106.59724224443409,20.64032075889594],[106.62798847518803,20.62167485860789],[106.57237192672312,20.55892592369247],[106.59725738811801,20.44117059524683],[106.57783684419508,20.371997698634914],[106.56475743530746,20.381203350654175],[106.58742115396313,20.317230795464866],[106.57242616393637,20.281036737955162],[106.52487735170848,20.317432896511036],[106.44015431896673,20.295181852460587],[106.3379643530725,20.378243209656432],[106.2566131331896,20.33103974878543],[106.25081929587384,20.350064956132883],[106.28279129538203,20.395981525826812],[106.21129268900643,20.420299913410304],[106.222435103897,20.469571841966967],[106.1817930454128,20.48558361089499],[106.17066198626173,20.54554395588889],[106.13137902012573,20.57530351974168],[106.12774780681588,20.610288486424565],[106.05453355118249,20.610173333632474],[106.03211556508131,20.640190363494526],[106.03175444141442,20.68562243242934],[106.00678253988235,20.704622850863927],[105.97322398969544,20.700777770677632],[105.96597614738135,20.773329257439343],[105.91950612590705,20.79512267697004],[105.90938156370828,20.833921614490976],[105.93438769703465,20.86438567395976],[105.8937369232205,20.898393048800187],[105.91095375221397,20.918891868165247],[105.90926968085114,20.973435330276345],[105.96223765844127,20.96507241226209],[105.96047301411835,20.9920755855199],[105.99232867103143,21.002320226996915],[106.10755858895777,21.00061223186907],[106.15592828256428,20.95091551843649],[106.122976513955,20.8329353154125],[106.14629566031653,20.78676154680801],[106.21287504974379,20.75128260500827],[106.24709598569126,20.687524547120177],[106.26765557314627,20.6855486979141],[106.24702089140106,20.696502008760774],[106.26154798035509,20.70480912024476],[106.30079982725027,20.69047649709273],[106.3331961430876,20.712145422573258],[106.35473273692634,20.70171892918529],[106.40507668973748,20.73310313809941],[106.39921301376961,20.691708595275486]]]]}},{"type":"Feature","properties":{"name":"Hải Phòng","type":"Thành phố","region":"BAC","lon":106.4566,"lat":20.9304},"geometry":{"type":"MultiPolygon","coordinates":[[[[106.8148674884439,20.666478071206086],[106.81380746294411,20.670110771994587],[106.8168346169241,20.668121252194112],[106.8148674884439,20.666478071206086]]],[[[106.83932794103174,20.769804181218035],[106.83604021028754,20.775982462520687],[106.83759451397572,20.77656550559368],[106.83932794103174,20.769804181218035]]],[[[106.63479392839713,21.013178455221578],[106.74029569898738,21.0001520244964],[106.76536889116147,20.97828140806058],[106.76658509832367,20.91084375783322],[106.72138539082317,20.868309982619678],[106.75159223969018,20.852286072844038],[106.76109541711986,20.811785217813622],[106.73145822671586,20.781973016641473],[106.79900992896512,20.723286912960702],[106.80478605233452,20.675673409800083],[106.76494732405979,20.7142959219193],[106.69061629570552,20.689004896858535],[106.70212362760338,20.670732686464362],[106.66539461466976,20.63620498906903],[106.61835907790919,20.626024971974914],[106.59724224443409,20.64032075889594],[106.54579376317167,20.628676939589127],[106.52907284103884,20.60470284486047],[106.49093946568388,20.617365422476325],[106.4701373499588,20.599381878271117],[106.44081236459903,20.658417724698268],[106.39922709265625,20.689990535834625],[106.40507668973748,20.73310313809941],[106.35473273692634,20.70171892918529],[106.3331961430876,20.712145422573258],[106.30079982725027,20.69047649709273],[106.26154798035509,20.70480912024476],[106.24702089140106,20.696502008760774],[106.26765557314627,20.6855486979141],[106.24797799039203,20.687282487396942],[106.21287504974379,20.75128260500827],[106.12964081677035,20.807568951446],[106.13487819137549,20.904220341795394],[106.15593723261725,20.94996910249216],[106.13347524268835,20.960901683965574],[106.12945721298007,21.000026795700137],[106.16549626693921,20.988616857681905],[106.16594197184457,20.96930609759835],[106.22939979556418,20.995915408269525],[106.27119910705323,20.991851607565707],[106.3096204354348,21.059728280735612],[106.29369585038324,21.110536481573433],[106.32110058622311,21.149021592572467],[106.31129572491784,21.194510736980988],[106.34515547694377,21.167078739991894],[106.42306267020615,21.232128306176435],[106.48843273228482,21.237840484151093],[106.49914545200107,21.20349935740944],[106.48360519492388,21.130685034786552],[106.43928589492816,21.117647246523234],[106.43885343074129,21.079413024791336],[106.51520079488085,21.061010003508898],[106.51459560690182,21.047183205840327],[106.57511722777792,21.057845739789116],[106.63479392839713,21.013178455221578]]],[[[106.84783611304624,20.824091121608035],[106.90149689326705,20.801622836424826],[106.84713327488078,20.793377032623994],[106.84783611304624,20.824091121608035]]],[[[106.93769462810468,20.82268416554183],[106.93905416112068,20.824891699892078],[106.94016188036653,20.822337099177844],[106.93769462810468,20.82268416554183]]],[[[106.93458730855752,20.827531884588836],[106.93376729682336,20.831548264940523],[106.93683603275679,20.83114931219103],[106.93458730855752,20.827531884588836]]],[[[106.93876191203265,20.847263004883814],[106.92934087328274,20.835294561794626],[106.9250095197736,20.84194684966741],[106.93876191203265,20.847263004883814]]],[[[106.95653896470151,20.859101308878337],[106.95440291026614,20.865971313625266],[106.9586791686088,20.863301484575913],[106.95653896470151,20.859101308878337]]],[[[106.98141812364753,20.86437178393072],[106.98514865808414,20.867268878855725],[106.98569850987838,20.865784986687856],[106.98141812364753,20.86437178393072]]],[[[106.9567851127428,20.879114894536826],[106.97518224076788,20.86598833059702],[106.96271702477094,20.859966464780598],[106.96133373886101,20.872887912247393],[106.9567851127428,20.879114894536826]]],[[[106.95669205539411,20.866162007670596],[106.95697924489627,20.87354086951558],[106.96044705139036,20.86883280169252],[106.95669205539411,20.866162007670596]]],[[[106.9417932037934,20.868595461611335],[106.94106348669061,20.87392467948041],[106.942674264206,20.868856537499255],[106.9417932037934,20.868595461611335]]],[[[106.9456979351117,20.87187760756558],[106.94436602387299,20.875742615829097],[106.94553060635246,20.87588545874695],[106.9456979351117,20.87187760756558]]],[[[107.0719395109997,20.702921955883596],[107.07441533739797,20.70546496163871],[107.0750897839664,20.704153275253475],[107.0719395109997,20.702921955883596]]],[[[107.04150405626723,20.70422703764774],[107.03371850570454,20.708355974448693],[107.03424369539027,20.71120122255843],[107.04150405626723,20.70422703764774]]],[[[107.02033462414363,20.710126405908966],[107.01917030336688,20.71703367316553],[107.02349222208846,20.711203862068658],[107.02033462414363,20.710126405908966]]],[[[107.06217066304572,20.71264161901553],[107.0650622307374,20.71691827126125],[107.06605476301695,20.71235349871506],[107.06217066304572,20.71264161901553]]],[[[107.00978231919873,20.719331308792903],[107.0121357964299,20.723063895482426],[107.01333888698014,20.71971945169139],[107.00978231919873,20.719331308792903]]],[[[107.06029566831052,20.721263897011283],[107.0648202717382,20.72239997098194],[107.06278658263471,20.719142322560174],[107.06029566831052,20.721263897011283]]],[[[107.06555049605862,20.727581155046323],[107.06044739832885,20.734565063427],[107.06842299812291,20.735918760742265],[107.06555049605862,20.727581155046323]]],[[[107.05840010877807,20.756486362955343],[107.05330535226028,20.76154085862379],[107.0620595922764,20.758227891104355],[107.05840010877807,20.756486362955343]]],[[[107.06679596626088,20.760380005632783],[107.06138061132623,20.764824152112965],[107.06851668409774,20.76150405656699],[107.06679596626088,20.760380005632783]]],[[[107.07126969773844,20.772106885424478],[107.07274814990723,20.777412123770546],[107.07593176793682,20.773619143109045],[107.07126969773844,20.772106885424478]]],[[[106.95002224333194,20.88006227185639],[106.95316805835927,20.855841296138976],[106.9736975167271,20.85123505765182],[106.98037975292334,20.85845015565019],[106.97787412029447,20.846818349487307],[106.99403569379228,20.862230060169168],[107.01342263274836,20.840576004978686],[107.00712829573433,20.86088008424855],[107.03348561007289,20.86256459088321],[107.04408893265816,20.81742256050279],[107.0577649284088,20.834663841163376],[107.06376520779816,20.81399966165509],[107.074869754036,20.82538755369268],[107.10646751596317,20.801914428108432],[107.10685485306908,20.78800777064214],[107.10088146340888,20.796511232007788],[107.076548763115,20.80818695926081],[107.10036311306726,20.780215002120713],[107.0822430472789,20.779023658515086],[107.05140702911115,20.81919647144008],[107.07128926968409,20.779637739889836],[107.04709020325032,20.764001472989662],[107.03269141517671,20.774192777474752],[107.07076943366252,20.741512742619022],[107.05455148706153,20.74926151001074],[107.04787515131721,20.71364649269151],[107.01224067896425,20.732730073234336],[107.03841525466032,20.740155798751175],[106.99923637515866,20.752096732478265],[106.99755147372161,20.728698127416692],[106.95435195827633,20.7894446435555],[106.91560935069106,20.799091444514602],[106.94978938996843,20.796433735628455],[106.93260673970934,20.81611932144955],[106.94657348987471,20.821389245217517],[106.95002224333194,20.88006227185639]]],[[[107.06564891606467,20.8238984067861],[107.07012918741214,20.829316796932687],[107.07298049515379,20.82761307178589],[107.06564891606467,20.8238984067861]]],[[[107.04767776271865,20.839748929969176],[107.04934680371207,20.84435226904202],[107.05080787918035,20.84020434575399],[107.04767776271865,20.839748929969176]]],[[[106.99598570817398,20.865002749177563],[106.9923084891455,20.8686564302501],[106.99466354918349,20.86966818194111],[106.99598570817398,20.865002749177563]]],[[[107.71814823685173,20.135142514815243],[107.73015783021975,20.129195184809987],[107.71461444530047,20.12992085316489],[107.71814823685173,20.135142514815243]]],[[[107.14528369888365,20.614450949052127],[107.14694693115598,20.618090131254576],[107.14969245883998,20.614203798266715],[107.14528369888365,20.614450949052127]]],[[[107.20473483604388,20.614058098202747],[107.20219790071263,20.619128805050366],[107.20740364616142,20.61461589370856],[107.20473483604388,20.614058098202747]]],[[[107.1393958338507,20.616937939634283],[107.13895568315831,20.62155968153411],[107.14120297024095,20.61965301717305],[107.1393958338507,20.616937939634283]]],[[[107.15595537713898,20.62202170373871],[107.15514865378742,20.630604946661038],[107.15924259526963,20.6222984557092],[107.15595537713898,20.62202170373871]]],[[[107.07546925829968,20.728536708102638],[107.0789021117431,20.732510743875764],[107.07958326005945,20.725304919686323],[107.07546925829968,20.728536708102638]]],[[[107.0819948271996,20.732370263476923],[107.08190532936754,20.738013122607583],[107.08369196301373,20.733030747171313],[107.0819948271996,20.732370263476923]]],[[[107.08454933078707,20.74735744379103],[107.06919347699744,20.75531383946219],[107.0694943640737,20.76008682574644],[107.08454933078707,20.74735744379103]]],[[[107.08283483266143,20.75873940659841],[107.08465018076129,20.762706434854124],[107.08639951412636,20.757738929707898],[107.08283483266143,20.75873940659841]]],[[[107.07136743066246,20.767010483147317],[107.07880166826243,20.769072119582688],[107.07180861017929,20.76498184643509],[107.07136743066246,20.767010483147317]]],[[[107.07933868403308,20.77718416271898],[107.08684176833299,20.764626380403172],[107.0775093991395,20.776161301702757],[107.07933868403308,20.77718416271898]]],[[[107.0963150172243,20.769030925237075],[107.0998479993857,20.774933729807856],[107.09804536140439,20.76812428001159],[107.0963150172243,20.769030925237075]]],[[[107.1006451485548,20.789251589689172],[107.09976280391032,20.793410330922086],[107.1027918185876,20.791696822950087],[107.1006451485548,20.789251589689172]]]]}},{"type":"Feature","properties":{"name":"Hồ Chí Minh","type":"Thành phố","region":"NAM","lon":106.6333,"lat":10.9352},"geometry":{"type":"MultiPolygon","coordinates":[[[[106.08315524331988,8.57901815656271],[106.07837730806637,8.581443770213866],[106.082027501568,8.582521140038637],[106.08315524331988,8.57901815656271]]],[[[106.15054375009407,8.607445586144934],[106.14929080382757,8.610270220894051],[106.15112411408666,8.609915448239406],[106.15054375009407,8.607445586144934]]],[[[106.1397944927217,8.612305475717164],[106.13507661419447,8.614841117823403],[106.13879833707364,8.615987511514504],[106.1397944927217,8.612305475717164]]],[[[106.55609560782608,8.62795158479787],[106.55539234787864,8.630291507447168],[106.55647755259702,8.62991482281086],[106.55609560782608,8.62795158479787]]],[[[106.62794179587723,8.63235332554558],[106.62789621373935,8.639230126469215],[106.63385524032714,8.637074513578],[106.62794179587723,8.63235332554558]]],[[[106.61765047598874,8.635237225617516],[106.61552461716741,8.638460273522867],[106.61736659958893,8.639087844728294],[106.61765047598874,8.635237225617516]]],[[[106.53834507166778,8.660751666556223],[106.5739683051932,8.645554372236518],[106.55675988576019,8.63023594912977],[106.53834507166778,8.660751666556223]]],[[[106.55764494815588,8.68371457077086],[106.55311342714299,8.687589094760938],[106.55650067866344,8.689239849839225],[106.55764494815588,8.68371457077086]]],[[[106.66249920957091,8.757616761904103],[106.66166518190266,8.733557944743382],[106.63498843017197,8.717871564920813],[106.65774727461707,8.692876601174248],[106.63317600576812,8.700543229886193],[106.59829520485988,8.676311924555705],[106.61129528814712,8.640286398198782],[106.57492422427362,8.645996182178123],[106.55926127268964,8.68115824875423],[106.59081660010605,8.724483696265622],[106.66249920957091,8.757616761904103]]],[[[106.53685255859875,8.70989909296884],[106.54377596059214,8.703722505089559],[106.53419650806245,8.707713899576845],[106.53685255859875,8.70989909296884]]],[[[106.58635813641894,8.735319938764235],[106.58420069700463,8.737543206753628],[106.58707298143298,8.737115076399732],[106.58635813641894,8.735319938764235]]],[[[106.93969109966457,11.293586625122714],[106.89959345927076,11.209426948394992],[106.96437056235163,11.149239282666827],[106.94731291785695,11.06068827214608],[106.92172085373448,11.05817975269349],[106.90574362237032,11.0227274910809],[106.87090121891617,11.021431909754881],[106.82624659770238,11.065083004477117],[106.800689797796,11.061049098137403],[106.80903014732348,11.028591340617936],[106.7729101471856,11.005880794263305],[106.79436341703814,10.973079513708626],[106.7609015053003,10.965251128436876],[106.81541714058864,10.905173830208128],[106.83708424494199,10.902995610159337],[106.88049509027627,10.811106237063257],[106.8628280552706,10.789713827031562],[106.87255508744738,10.769091296925865],[106.84388728796802,10.77614903155262],[106.82525759795982,10.760578809964159],[106.81138786935475,10.778530054118733],[106.75396844728607,10.727213831653046],[106.75942626461051,10.689832741887585],[106.8270549928937,10.627994205967866],[106.88007923297027,10.648974794850972],[106.91045673718872,10.60882400992017],[106.98206191502544,10.580033727274724],[106.9848770772154,10.532886617923111],[107.0114540095949,10.52501654008131],[107.0242094799836,10.592643483210225],[106.99545968481664,10.63192197072243],[107.04412249265897,10.658700818887723],[107.0938599570714,10.653474906142037],[107.13123600433818,10.686312959975169],[107.13483453088895,10.746999806096198],[107.20477771212177,10.776482834715125],[107.20507040907216,10.760368489114512],[107.29857695925932,10.755708285009405],[107.29742764367086,10.687842854264375],[107.31831709795574,10.669664013283636],[107.35025245278854,10.679020238793044],[107.36134140658072,10.731756969208789],[107.44727027999949,10.80540871444066],[107.5041596704325,10.772723791769636],[107.56603980719143,10.619875622961672],[107.57011156959334,10.570545663851362],[107.51006107206086,10.502624270993351],[107.46836827357703,10.498531286389778],[107.44148794231472,10.46922884343644],[107.33907142730459,10.46308207887489],[107.25346807069496,10.38055596758386],[107.21602814458328,10.405975579509459],[107.17558208884236,10.401199533731528],[107.18582236141293,10.430623743091303],[107.08362455792707,10.323988474188809],[107.05613870143998,10.386787888949982],[107.07552037126817,10.373587628266478],[107.07987369881221,10.391051690782945],[107.09998034092007,10.394025505972365],[107.1139227689207,10.412518965777679],[107.14407209535096,10.418353009084171],[107.16518676685587,10.448369457984143],[107.15294992290069,10.462938614525513],[107.16532286036175,10.47789442918463],[107.13911693699708,10.470491900780644],[107.13723333305194,10.459870769820213],[107.11370834086728,10.479197333690024],[107.08684153271065,10.472974267948132],[107.10976554214614,10.475676148835248],[107.11593186336484,10.445964826415661],[107.08093813818459,10.431512309245704],[107.04110709821407,10.465360682149822],[107.05649509197497,10.494494308865285],[107.02388958123925,10.470439629485384],[106.97068750112732,10.48078653557019],[106.94611458741832,10.429646596413363],[106.96926028063751,10.407946786415096],[106.87680794183314,10.377982650179206],[106.86420650102929,10.34359865815162],[106.82566220204905,10.32944738418945],[106.79835712368236,10.409981100547384],[106.73366293359754,10.497731384395934],[106.74692932322972,10.526885159522521],[106.74403146388102,10.577240776540634],[106.71858741018087,10.599097974192205],[106.72779322767536,10.635916379737182],[106.68338539931676,10.656931348802743],[106.63878272834029,10.626006593629427],[106.60404422086418,10.660320014057447],[106.55554734873124,10.650687161583278],[106.51817048488005,10.724637832470023],[106.48736219101238,10.729022450126024],[106.46369449890204,10.758865678808093],[106.49897278036957,10.786469270040811],[106.53406871080244,10.902945431586431],[106.40934935079196,10.975172129989858],[106.37126384994679,10.970392207234624],[106.35460087922723,10.992752925407217],[106.41053769066195,11.009212722189432],[106.44572060082515,11.136677530743498],[106.4277841433236,11.170083649440926],[106.3837673617744,11.190802478051978],[106.32491803743756,11.344200102952414],[106.367094684672,11.450342122491008],[106.4320344418361,11.502083623560452],[106.49010198821622,11.498716672436558],[106.53867817965431,11.469113656270281],[106.55563699225343,11.48538398658178],[106.57246533480742,11.456863898050528],[106.54009067194704,11.42832691395597],[106.53780396128383,11.38935406373912],[106.56070405414886,11.37156464988874],[106.61185110784243,11.389212617468388],[106.61590231174233,11.363796484120485],[106.66810389607798,11.355523358016626],[106.68380101740308,11.395544278145962],[106.75413235412492,11.451219619789697],[106.75010015379911,11.475713407547744],[106.79543524883775,11.492609300878598],[106.804861625064,11.453773510039525],[106.7687470919048,11.427344375842324],[106.78333351722807,11.382076881043247],[106.85255907723968,11.377412293642465],[106.85497133236117,11.316498218518007],[106.87322144371473,11.308522705958183],[106.88470476731123,11.342942447835753],[106.94077560111316,11.351637409039256],[106.93969109966457,11.293586625122714]]],[[[106.65945436232903,8.680274298819882],[106.69453170107721,8.679721551208672],[106.70901910115066,8.667983152900263],[106.67496651829026,8.656018047195175],[106.65945436232903,8.680274298819882]]],[[[106.73765940835506,8.698703850102675],[106.7382611402395,8.682356260832819],[106.73099376015398,8.687802527264864],[106.73765940835506,8.698703850102675]]],[[[106.71263488209422,8.781383087159782],[106.71386208256911,8.786496874231432],[106.71524549978005,8.782073572237607],[106.71263488209422,8.781383087159782]]],[[[107.07682900715304,10.378859511657197],[107.06948444455156,10.38405853827095],[107.07220354475783,10.385277852590889],[107.07682900715304,10.378859511657197]]],[[[107.09270413219002,10.397623343642465],[107.09770661197064,10.406571678040564],[107.0936789496239,10.395139795665102],[107.09270413219002,10.397623343642465]]],[[[107.10147331444199,10.40995370989583],[107.10056530494495,10.414120579201438],[107.10293324956984,10.415228293051314],[107.10147331444199,10.40995370989583]]],[[[107.14558190328228,10.465511933728806],[107.14195870742844,10.42184356662733],[107.11539170716162,10.418229019553678],[107.11842867634238,10.455286877687286],[107.13791815869615,10.453866018102303],[107.14558190328228,10.465511933728806]]],[[[107.15369224400195,10.448903534770352],[107.15438711327471,10.455270024392178],[107.15585508924102,10.44899129781021],[107.15369224400195,10.448903534770352]]],[[[106.97505147034911,10.46141561353977],[106.97153765363987,10.471145914752185],[106.9759431688422,10.474804642820061],[106.97505147034911,10.46141561353977]]]]}},{"type":"Feature","properties":{"name":"Khánh Hòa","type":"Tỉnh","region":"TRUNG","lon":108.9837,"lat":12.0895},"geometry":{"type":"MultiPolygon","coordinates":[[[[109.12868410208972,7.814150366346496],[109.11189684776144,7.833278731328448],[109.13107699210957,7.850013461652054],[109.1478594431589,7.830887784743538],[109.12868410208972,7.814150366346496]]],[[[109.14372276769166,11.579871639564544],[109.1449976816977,11.5844866338511],[109.14636621333017,11.579568400761161],[109.14372276769166,11.579871639564544]]],[[[109.1736451915724,11.651792785208897],[109.17760158804293,11.65135811768306],[109.17308711008212,11.648613186249577],[109.1736451915724,11.651792785208897]]],[[[109.19336844100081,11.812209872287838],[109.18501243787375,11.794042067787245],[109.22612526177147,11.756327897914218],[109.23088756410988,11.728575173905199],[109.19334198474485,11.724257866907067],[109.20203725081853,11.708374606602888],[109.12810180095738,11.564984971079582],[109.09064558992208,11.588669450834516],[109.05485988937244,11.5853976102116],[109.0335757244402,11.640716178209118],[109.00930674471056,11.63131289207638],[109.04203381141133,11.592227658079992],[109.02345827767743,11.57458923050865],[109.03035317835656,11.54016385617706],[109.0033782608981,11.543056555215912],[109.02400449531126,11.537421766601312],[109.00533370088965,11.409981514035678],[109.01915044413772,11.36385300201448],[108.9598937673835,11.316843025785033],[108.91732086356706,11.308552834146042],[108.88806050259018,11.336853207509591],[108.86449019716491,11.3336272790757],[108.87440080705164,11.349874317845547],[108.84241618196131,11.37794678051955],[108.75546929127484,11.41258102959091],[108.75869114757847,11.471639708006194],[108.68474345614567,11.470302872079913],[108.64225491773033,11.551273028527476],[108.58225320302296,11.556813910833341],[108.55067323058518,11.602370488207498],[108.56119020116694,11.64324683897047],[108.67297089978723,11.6673491536406],[108.69957335942308,11.702260973065506],[108.66515458971259,11.753168371822937],[108.67035014314467,11.785199266133247],[108.61718801811259,11.807068216125344],[108.65238703603296,11.849126737409051],[108.65957726687742,11.961060836088791],[108.70959189155263,12.056385435039829],[108.67169030656248,12.122901728931708],[108.70251496089679,12.15486233852613],[108.7386604936869,12.157322838678112],[108.70894104499342,12.193802122470004],[108.70222512828713,12.305665350075913],[108.67842301091332,12.317935486033889],[108.67219992808435,12.433962482082848],[108.70601556116935,12.479337127506597],[108.73880340855067,12.477234990102716],[108.77185452976278,12.506540981780915],[108.86829258473512,12.454852554202148],[108.87696182712682,12.480118112261152],[108.85728765460169,12.494697685649726],[108.89417728375469,12.567326295572173],[108.8603309496138,12.605749491845756],[108.90964050040884,12.642852471664412],[108.9017757519494,12.67746682323542],[108.94073636419193,12.69583912187801],[108.97639955729392,12.68316481800207],[109.04008590593986,12.747247832421635],[109.08343311524612,12.743844887731541],[109.11326036207623,12.798296837529051],[109.14119242259233,12.781538106998084],[109.16447924911824,12.827600926241814],[109.22603844931513,12.813714528702576],[109.25375793528059,12.839150383283538],[109.31765746911708,12.836827930864388],[109.36462514573401,12.868159167012095],[109.38692560213497,12.84428262264504],[109.35514703061102,12.824716882278324],[109.37241257318175,12.75513988609697],[109.42369433272745,12.671436444436438],[109.45148780142108,12.670009136712338],[109.45972075840638,12.651715589902665],[109.4326705542029,12.641712902028928],[109.43841026941851,12.570324995902013],[109.38843883288598,12.628724665511015],[109.40961513313192,12.648547031020712],[109.39446963526558,12.687016300461949],[109.39172004174668,12.670298301125797],[109.3676135065582,12.674845992848361],[109.36322471784655,12.643935602546094],[109.34969487901554,12.665223489772416],[109.33250953258892,12.6594411907584],[109.3785541531517,12.714157852403048],[109.35378015463061,12.800199748119894],[109.32472898405547,12.79616165723479],[109.31999555085417,12.770427975071073],[109.22679196697584,12.695954567849185],[109.18063604002128,12.620831601896896],[109.19926494312261,12.61367247860204],[109.18873144659909,12.578405202138413],[109.2073158017829,12.539055677177828],[109.22029272033296,12.584376927153471],[109.24235171236171,12.582703849103325],[109.2372632582929,12.509806003744131],[109.28215735277968,12.491340774557159],[109.28789415599061,12.428251502904573],[109.33630712677257,12.407874185545268],[109.3373845082885,12.390940126785551],[109.32510516776938,12.374243106834001],[109.30704970478013,12.389932518271223],[109.28153613438525,12.349447393282617],[109.17556496714963,12.457160769453935],[109.1399554788623,12.411024331707665],[109.19760122341785,12.394479123612712],[109.19978076636932,12.339119422423437],[109.24096934735769,12.307122645693596],[109.20453166980087,12.291611121056405],[109.20212981893599,12.267346767439392],[109.1728431671786,12.270751927159836],[109.19767138222852,12.261950254200997],[109.21389562138586,12.205121196586049],[109.1648768636764,12.205640434558518],[109.20734037126124,12.187113530764805],[109.19644506938454,12.167045101750034],[109.22113052155635,12.144008044835516],[109.19278666417324,12.11404432948234],[109.1996616295807,12.06539555106383],[109.2448463471813,11.981917152154836],[109.28327537825629,11.954804904622677],[109.25644418235333,11.92563088126019],[109.27830809883989,11.88111978195252],[109.2700502540161,11.861247006743952],[109.24623505780175,11.854615763906452],[109.22975272760647,11.882432789441737],[109.20147058979592,11.882140735506539],[109.2133865142763,11.976068941828373],[109.17960588460397,12.112292729825754],[109.16077761439539,12.119976174960641],[109.15155706240859,12.102623171522339],[109.1728505479146,12.087628898255048],[109.17135501582146,12.04553393914],[109.19807266242356,12.023771608273194],[109.20468437018764,11.98382435790785],[109.16499484303762,11.908403995148262],[109.14656252184295,11.89573487316602],[109.13045297772294,11.908705854391656],[109.10895325968522,11.850182529800065],[109.14234962073851,11.819089864006003],[109.18699530089259,11.877665698213491],[109.17616011329869,11.841240513139269],[109.19336844100081,11.812209872287838]],[[108.78786972653944,12.155009908464278],[108.78169284913947,12.125768487026164],[108.78746216224914,12.151036220545222],[108.78786972653944,12.155009908464278]],[[108.78153250212337,12.124844675541443],[108.78153250212335,12.124844675541397],[108.78500925867041,12.119749986472755],[108.78153250212337,12.124844675541443]],[[108.79040243632346,12.11125539961705],[108.79275745229467,12.091350346841068],[108.79451927184698,12.087382955259216],[108.79972774493956,12.079810222064168],[108.80026800996075,12.074465810149093],[108.8017442605892,12.069302098113383],[108.80508876823211,12.06357862915047],[108.79040243632346,12.11125539961705]],[[108.79733813744514,12.045854497986738],[108.80214842490994,12.053934797752788],[108.79821416255362,12.047698209804594],[108.79733813744514,12.045854497986738]],[[108.80443068213032,12.045117173518804],[108.80862601138136,12.044106572060684],[108.79994514165503,12.045986705522068],[108.80443068213032,12.045117173518804]],[[108.81816704397397,12.03635675875745],[108.81822231540758,12.040485514794739],[108.81780626384807,12.039673969278283],[108.81816704397397,12.03635675875745]],[[108.85252711943122,12.015518384166228],[108.82020584302529,12.031743574806171],[108.82564887639461,12.02827002614083],[108.83258202164302,12.024122570500253],[108.83431541362552,12.0231211924891],[108.8525271194311,12.015518384166171],[108.8557588973188,12.006088078220575],[108.85252711943122,12.015518384166228]],[[108.85594773355115,12.0025758525436],[108.85520247211656,11.99746429444167],[108.85593999803262,12.000728948582093],[108.85594773355115,12.0025758525436]],[[108.85291328981651,11.992406364861912],[108.84611388844525,11.97022368397586],[108.84711771710903,11.967946594259956],[108.85291328981651,11.992406364861912]],[[108.84996468921912,11.964908000004243],[108.84996468921918,11.9649080000043],[108.84826803184426,11.96609509970918],[108.84996468921912,11.964908000004243]],[[108.85942545012455,11.96889124303658],[108.85774352611534,11.967910068403636],[108.86054244670855,11.969284740634675],[108.85942545012455,11.96889124303658]],[[108.86102007401733,11.969453000055951],[108.88930178195176,11.948878225749581],[108.89090594994153,11.94860883121612],[108.88930178195187,11.948878225749638],[108.8740097800274,11.960591454731968],[108.86102007401733,11.969453000055951]],[[108.89639748235794,11.949700555935976],[108.89559047989016,11.949474296564901],[108.90031031836656,11.950820394445714],[108.89639748235794,11.949700555935976]],[[108.91421507016952,11.953033585531614],[108.91204464724278,11.953185051149259],[108.91667112856976,11.95202847263596],[108.91421507016952,11.953033585531614]],[[108.92284860677785,11.941772962851985],[108.91910545395359,11.946193262009501],[108.92039844882942,11.944056676974128],[108.92284860677785,11.941772962851985]],[[108.9439789147952,11.93883007170552],[108.93238515714933,11.938321508730667],[108.93846431877336,11.938436589577009],[108.9439789147952,11.93883007170552]],[[108.94411061871018,11.938837560405146],[108.95204081173415,11.93240913087675],[108.95462723136171,11.928419738280354],[108.94411061871018,11.938837560405146]],[[108.95707615364165,11.925993610217006],[108.96282476559398,11.923139378735991],[108.95462723136171,11.928419738280354],[108.95707615364165,11.925993610217006]],[[108.96285146941995,11.923126120074357],[108.96285146941983,11.923126120074413],[108.96732353625232,11.920122395232374],[108.96285146941995,11.923126120074357]],[[108.97700642430709,11.917378628421034],[108.99243952545561,11.920061991679972],[108.97446809766461,11.91782033185299],[108.97700642430709,11.917378628421034]],[[109.00269142257116,11.92414468323068],[109.00161993953225,11.923780427401315],[109.01517802447532,11.916626412108402],[109.00269142257116,11.92414468323068]],[[109.03726766267255,11.90861853022102],[109.04760642539628,11.892654762607265],[109.02353030404763,11.911984831024322],[109.03726766267255,11.90861853022102]],[[109.04941443862549,11.884007598571884],[109.05193090178977,11.878084784085559],[109.05397130073499,11.869663885879675],[109.05457468056797,11.868077865096842],[109.05193090178977,11.878084784085615],[109.04941443862555,11.884007598571941],[109.04760642539628,11.892654762607265],[109.04941443862549,11.884007598571884]],[[109.05648393278733,11.863059189230341],[109.0561014873083,11.864064502418268],[109.05969327322606,11.856905634787267],[109.05648393278733,11.863059189230341]],[[109.05969327322606,11.856905634787267],[109.07025796363416,11.840713255912078],[109.07507933811841,11.835305419791068],[109.05969327322606,11.856905634787267]],[[109.08659074736516,11.821308757693089],[109.08659074736528,11.821308757693146],[109.07604811393122,11.834169179197055],[109.08659074736516,11.821308757693089]],[[109.11637005583344,11.806605865668189],[109.09787752412848,11.811021710483601],[109.10203630313293,11.80963620594622],[109.10781269180234,11.807787515481493],[109.11637005583344,11.806605865668189]],[[109.1571238541826,11.809795506457533],[109.13511215300355,11.805596544844718],[109.14646187421619,11.807126184625758],[109.1571238541826,11.809795506457533]],[[109.18237550332685,11.813746735423535],[109.18237550332691,11.813746735423592],[109.17568229155005,11.813204470564543],[109.18237550332685,11.813746735423535]],[[108.76288740104113,12.155044486921865],[108.76415122759715,12.154958521018955],[108.76415122759717,12.154958521018958],[108.76288740104113,12.155044486921865]],[[108.76454366707337,12.155044499937006],[108.76734126498746,12.155657421053206],[108.76734126498752,12.155657421053307],[108.76454366707337,12.155044499937006]],[[108.77839985856671,12.168121460736863],[108.77873119623814,12.168068896937253],[108.77839985856673,12.16812146073687],[108.77839985856671,12.168121460736863]],[[108.78634526542186,12.16198179992017],[108.78331793607396,12.16597179326368],[108.7876349876646,12.158282476455156],[108.78634526542186,12.16198179992017]],[[108.78791378829078,12.155439503630307],[108.78791378829078,12.155439503630362],[108.7876349876646,12.158282476455156],[108.78791378829078,12.155439503630307]]],[[[109.21200368522204,11.778245498530964],[109.22008625217893,11.784918974431207],[109.21995766531404,11.773424801413569],[109.21200368522204,11.778245498530964]]],[[[109.21896376336713,11.851601756216098],[109.24966409092514,11.835833280881388],[109.23276616512646,11.829560881029977],[109.21896376336713,11.851601756216098]]],[[[109.32178189671725,12.004150102745086],[109.31847354991447,12.007282162641673],[109.32187887241207,12.007322561087335],[109.32178189671725,12.004150102745086]]],[[[109.32546633460373,12.035453646968335],[109.3199596580119,12.042040457900953],[109.32593477526973,12.047419819269408],[109.32546633460373,12.035453646968335]]],[[[109.31230918831858,12.163018439449559],[109.29683971328234,12.172489832140172],[109.31550158103317,12.165785940269018],[109.31230918831858,12.163018439449559]]],[[[109.2353467580466,12.175918011806857],[109.24444766063101,12.18034764412863],[109.24976466390814,12.170709594472271],[109.2353467580466,12.175918011806857]]],[[[109.26854734208626,12.176124955702335],[109.27484826393635,12.18208415495991],[109.27377330879136,12.174826469565915],[109.26854734208626,12.176124955702335]]],[[[109.22164252628176,12.186275673783314],[109.22141722992131,12.198781299017867],[109.22978915374642,12.194411496793293],[109.22164252628176,12.186275673783314]]],[[[109.26300640492173,12.237329259138164],[109.30369741080705,12.214346737112237],[109.32691174028474,12.222840126970311],[109.33359118858249,12.195714326654866],[109.28954996615818,12.198411321525327],[109.28191924108023,12.181908159434045],[109.228546732246,12.22862452320328],[109.25691666637113,12.21346081496472],[109.26300640492173,12.237329259138164]]],[[[109.24325033383599,12.28898160411785],[109.23968622433989,12.291834942528737],[109.24312203295551,12.292106723946176],[109.24325033383599,12.28898160411785]]],[[[109.21288358640845,12.358985038129163],[109.21378277535484,12.36344388222949],[109.21592440918425,12.361600174008913],[109.21288358640845,12.358985038129163]]],[[[109.23346140222208,12.382114619993843],[109.22699863298072,12.39945766523914],[109.2382182492729,12.391098311238125],[109.23346140222208,12.382114619993843]]],[[[109.22284996415465,12.399722633392855],[109.22002960568182,12.403295264864767],[109.22322870913774,12.402848541027481],[109.22284996415465,12.399722633392855]]],[[[109.21805488422558,12.401522928640304],[109.21523441693495,12.405095502555582],[109.21843355816225,12.404648850664103],[109.21805488422558,12.401522928640304]]],[[[109.29973755014794,12.4871072573942],[109.29362721532385,12.495390725701554],[109.31308815409506,12.498269220847988],[109.29973755014794,12.4871072573942]]],[[[109.30714320729322,12.636855533256323],[109.30432104567984,12.640430118954896],[109.30766283467221,12.639969916078883],[109.30714320729322,12.636855533256323]]],[[[109.2941317736624,12.637608777523099],[109.29130937372872,12.641183191451148],[109.29465120498918,12.640723193620545],[109.2941317736624,12.637608777523099]]],[[[109.21843353567925,12.64179195243679],[109.21560975078944,12.645365370815398],[109.21881266197494,12.644918607407988],[109.21843353567925,12.64179195243679]]],[[[109.31460762344312,12.642421747665708],[109.31620732940473,12.646606346205942],[109.31542406037221,12.64198281465525],[109.31460762344312,12.642421747665708]]],[[[109.26341472860696,12.676554827043788],[109.26059125218472,12.680128961282662],[109.26393379031225,12.679669432898038],[109.26341472860696,12.676554827043788]]],[[[109.27889987612855,12.695212851991585],[109.28408404594217,12.7024867305783],[109.28596314068653,12.70235218480559],[109.27889987612855,12.695212851991585]]],[[[109.30065789474611,12.713473624808103],[109.30319613319506,12.72531156997303],[109.31137724696248,12.72417239783789],[109.30065789474611,12.713473624808103]]],[[[111.69911116035178,7.944665014278996],[111.73355840169899,7.934937634964001],[111.75275318790943,7.687665842204979],[111.53712216805366,7.511230074908156],[111.53950221665417,7.661564196130769],[111.69911116035178,7.944665014278996]]],[[[110.48293989186266,7.845389094631173],[110.5123039662551,7.84705473618726],[110.4972417842809,7.820714023333664],[110.45005487543233,7.802681733175518],[110.48293989186266,7.845389094631173]]],[[[112.91915696632111,7.901474412014579],[112.92101418056006,7.895023119021801],[112.91113997882701,7.892078334847383],[112.91915696632111,7.901474412014579]]],[[[110.58750688193709,8.044942201321703],[110.60442720715002,8.077266171196811],[110.63513973670956,8.06141482243612],[110.6239666414474,8.008489139062647],[110.60468003895278,8.009914261434062],[110.58750688193709,8.044942201321703]]],[[[110.44163993883217,8.150464167087705],[110.48992081539348,8.168607749248281],[110.55644876539839,8.120579169393238],[110.50178055113162,8.070005157412083],[110.461538869923,8.07707058124248],[110.44163993883217,8.150464167087705]]],[[[113.36142447935629,8.2940060722226],[113.35147328576375,8.220775352700457],[113.32223353634879,8.169749586074602],[113.22493860823022,8.081651975957982],[113.36142447935629,8.2940060722226]]],[[[111.91726736229907,8.647616446641848],[111.91799829078855,8.641047032194933],[111.91406590531744,8.641206009849611],[111.91726736229907,8.647616446641848]]],[[[111.68896046655232,8.693614967057215],[111.68083661531762,8.672319742262289],[111.64069737678267,8.671745642047824],[111.6412257239881,8.67744761721383],[111.68896046655232,8.693614967057215]]],[[[112.54588385065938,8.839179508627524],[112.60943327212783,8.842383009768184],[112.67231609810949,8.821573846056197],[112.56367388863919,8.807088008105154],[112.54588385065938,8.839179508627524]]],[[[112.24288302403238,8.888595489690204],[112.26194388680108,8.870844606393632],[112.21973482080546,8.827619548403447],[112.17185782707713,8.841638985350983],[112.19685050114981,8.877712298084191],[112.24288302403238,8.888595489690204]]],[[[112.8600173246399,8.86009756674946],[112.85562876885263,8.859095332583593],[112.85679542786693,8.860097971444247],[112.8600173246399,8.86009756674946]]],[[[112.8130441306821,8.877384544661197],[112.85635007009967,8.867815467609717],[112.859316325588,8.862264405877681],[112.82432447639349,8.862055298213534],[112.8130441306821,8.877384544661197]]],[[[112.34750370902907,8.928566902140915],[112.35069634815795,8.935726342896544],[112.35346361425445,8.933310292636065],[112.34750370902907,8.928566902140915]]],[[[112.88096624569573,9.573706558910715],[112.97418636181135,9.69261348812205],[113.06701390856517,9.723900056742366],[113.05262803655478,9.679289830561345],[112.88096624569573,9.573706558910715]]],[[[109.35809336611601,12.268205629885983],[109.3601477288347,12.274591151860307],[109.36120077559542,12.269478806401821],[109.35809336611601,12.268205629885983]]],[[[109.36624293616273,12.282987826826798],[109.36831854716331,12.286156869543959],[109.36845734403136,12.280899271883925],[109.36624293616273,12.282987826826798]]],[[[109.3725488105793,12.359651586851328],[109.37039233703683,12.371116244119492],[109.37856411044532,12.358466458460327],[109.3725488105793,12.359651586851328]]],[[[109.37654326186214,12.476808403884831],[109.37363608733574,12.48030903923086],[109.37706353855157,12.479922132900242],[109.37654326186214,12.476808403884831]]],[[[109.35085122190651,12.478595336106025],[109.35193887098222,12.488549903955004],[109.35883556311092,12.48066826892557],[109.35085122190651,12.478595336106025]]],[[[109.39265909044485,12.547685771181534],[109.38934301306966,12.550820734089655],[109.39275742771332,12.550860010181509],[109.39265909044485,12.547685771181534]]],[[[109.31704410719988,12.638032865424407],[109.38299067428028,12.624651779855753],[109.40623002919256,12.552197966662959],[109.3009220481141,12.62108947439981],[109.31704410719988,12.638032865424407]]],[[[109.44828508808638,12.59570756745046],[109.44546597067807,12.599283897833743],[109.44880676591958,12.598821480826643],[109.44828508808638,12.59570756745046]]],[[[109.37531979896971,12.644875407574034],[109.37249872193854,12.648450931265529],[109.37570133724711,12.648001790050671],[109.37531979896971,12.644875407574034]]],[[[109.34447646211908,12.643309768830932],[109.33883483685827,12.652800268517694],[109.34824719265401,12.653004645747842],[109.34447646211908,12.643309768830932]]],[[[109.4001837800576,12.644520349834352],[109.39549637685639,12.65628253071435],[109.40328708593029,12.650039353433385],[109.4001837800576,12.644520349834352]]],[[[109.46441770970966,12.652274536540801],[109.46803665896476,12.658244455717238],[109.46521806765969,12.651518820936928],[109.46441770970966,12.652274536540801]]],[[[109.3665223726095,12.703942805815927],[109.36714953732132,12.709968888553476],[109.3707107536984,12.70930290910195],[109.3665223726095,12.703942805815927]]],[[[113.58076083104754,6.968487087809024],[113.59086926210682,6.954622397205924],[113.57937091083909,6.956796073879786],[113.58076083104754,6.968487087809024]]],[[[113.8108046387232,7.406729030320662],[113.86731712688402,7.406316841349337],[113.80232149034464,7.400719112896866],[113.8108046387232,7.406729030320662]]],[[[113.84589491691702,7.658583003802732],[113.83853904803868,7.642747109891332],[113.77641807463465,7.635425214701968],[113.77553077292703,7.64146303808883],[113.84589491691702,7.658583003802732]]],[[[113.93801912008644,7.656528064618556],[114.33164192773279,7.944401343847005],[114.44645866743372,7.978716971211384],[114.50259449434054,7.923535959017329],[114.36171188809328,7.689687022638111],[114.14247540431666,7.59907444582916],[113.94212133802955,7.629673275001608],[113.93801912008644,7.656528064618556]]],[[[113.90779818064163,8.021546739390544],[113.93187130511672,8.014378666042717],[113.96069923877906,7.952122241248617],[113.8950119579356,8.004847402785458],[113.90779818064163,8.021546739390544]]],[[[114.12856988539204,8.08016724112531],[114.14262038492302,8.100080621623476],[114.15031915360612,8.089848528386938],[114.12856988539204,8.08016724112531]]],[[[114.53230091725356,8.120671081904959],[114.70873941938873,8.174185378752327],[114.76829950222032,8.167407241551132],[114.81028954102965,8.112679263737164],[114.73564123095821,8.070340957968881],[114.65440598135115,8.069547060748391],[114.5117512825957,8.094614860587512],[114.53230091725356,8.120671081904959]]],[[[115.16983119435429,8.37890426232201],[115.19632988211845,8.386430806336705],[115.28120556938165,8.357149466874432],[115.26670204806123,8.341789462713564],[115.19780401394416,8.348569642275208],[115.16983119435429,8.37890426232201]]],[[[114.58173005899505,8.473159870431743],[114.5746655416815,8.487354290268456],[114.58882694290912,8.49663323613504],[114.58173005899505,8.473159870431743]]],[[[114.16096996129477,8.747185091119093],[114.19783646977737,8.729529077305074],[114.20714428478095,8.685365288077662],[114.17895751197966,8.667034621750418],[114.16096996129477,8.747185091119093]]],[[[113.91128403562993,8.84277926095416],[114.03379485404946,8.82163785530281],[114.06165196956283,8.76527590735742],[114.0029703058351,8.770581686195897],[113.90142293432109,8.82190024330157],[113.91128403562993,8.84277926095416]]],[[[114.63346789712591,8.853363888432852],[114.68580938629418,8.872448141668485],[114.63396376711421,8.827964150625235],[114.63346789712591,8.853363888432852]]],[[[113.6473091551934,8.959009517275433],[113.70818944728535,8.980473081667355],[113.72015515283817,8.97964186438054],[113.63789618875819,8.939627825863624],[113.6473091551934,8.959009517275433]]],[[[113.66220229340126,9.210734473117554],[113.67020165688098,9.21068660490289],[113.66602317642867,9.20420374390767],[113.66220229340126,9.210734473117554]]],[[[114.0146794249157,9.539119802137293],[114.02367554569003,9.536567332816219],[114.01751946595073,9.530883595901344],[114.0146794249157,9.539119802137293]]],[[[114.27483481267654,9.855823972898008],[114.3438380108156,9.901721958101973],[114.61101871624078,10.00012405687977],[114.6689175381141,10.003635148643184],[114.63983564220132,9.92876948232589],[114.27565995594227,9.698686923762693],[114.24814063118538,9.769414087190512],[114.27483481267654,9.855823972898008]]],[[[113.8635245787965,10.120691475431272],[113.84029271883412,10.005570948340619],[113.84649324396821,10.136011487640133],[113.8635245787965,10.120691475431272]]],[[[115.28614831978916,10.213316753865172],[115.33111273676354,10.204841849571778],[115.33235767636575,10.200654688862983],[115.29025797872293,10.171936142439165],[115.28614831978916,10.213316753865172]]],[[[113.60574000809504,10.266318607118137],[113.61350683207479,10.247758282718564],[113.60302428394357,10.250654081720597],[113.60574000809504,10.266318607118137]]],[[[114.21945919528582,10.208244441727743],[114.36775779908339,10.384053433719146],[114.5829110226257,10.417997736406562],[114.71952072769955,10.375964367361746],[114.70487073020013,10.322572560875017],[114.6715937604439,10.29298201201027],[114.36590850877087,10.174318299050356],[114.2585988598496,10.164861916044629],[114.21945919528582,10.208244441727743]]],[[[114.31602637941398,10.694683139115739],[114.61114472115207,10.932979983839346],[114.62397961336865,10.933795620371711],[114.5767979430708,10.738916418957672],[114.42284238596744,10.662864967744099],[114.31602637941398,10.694683139115739]]],[[[114.9329367443354,10.908717661790831],[114.92233709907805,10.866218848621031],[114.86967293855537,10.853737325217423],[114.9329367443354,10.908717661790831]]],[[[114.0535809903705,10.907077772321486],[114.20868783077879,11.060971378726208],[114.38330327942288,11.092874991987287],[114.34343303620585,11.050027630370892],[114.0800375412997,10.90294018224364],[114.0535809903705,10.907077772321486]]],[[[114.64546085393545,10.94892193390018],[114.78083024012358,11.135947230879992],[114.80945400070175,11.15273966620282],[114.80685657696961,11.096382878567113],[114.74283519308983,11.009642276170155],[114.64546085393545,10.94892193390018]]],[[[115.0153100230392,11.075636558580356],[115.02516392167774,11.077182459003325],[115.01853737599924,11.070331988430667],[115.0153100230392,11.075636558580356]]],[[[114.55863065478093,11.333479926957125],[114.62850162135294,11.495179616346377],[114.6586113731164,11.503362765279576],[114.70098656727646,11.475861813671884],[114.69656243340967,11.442647007753237],[114.60195861409886,11.325083521787235],[114.55863065478093,11.333479926957125]]],[[[114.29563562258613,11.38194629498554],[114.3531476550404,11.457736375333525],[114.39784233925263,11.466621683443975],[114.39794471537641,11.455224140781581],[114.29563562258613,11.38194629498554]]],[[[116.59012280262539,8.22360099558955],[116.6063307433692,8.229493001101105],[116.61488181304537,8.217493338047177],[116.60061675865666,8.206919514124422],[116.59012280262539,8.22360099558955]]],[[[116.28003711512099,8.911800217106418],[116.31124568464077,8.910728920403528],[116.27137204558358,8.86771233695481],[116.2647073209863,8.870793363922758],[116.28003711512099,8.911800217106418]]],[[[116.65275646873624,9.050606730316531],[116.67297415463372,9.050188542867033],[116.68568991635675,9.025663045912836],[116.65890076285996,9.029021522725259],[116.65275646873624,9.050606730316531]]],[[[116.48412157914765,9.181872948877526],[116.49565858507583,9.174802587769364],[116.48004754775627,9.177369280767778],[116.48412157914765,9.181872948877526]]],[[[115.90073356670075,9.315389472646075],[115.9256824231054,9.324842166632777],[115.9627399727716,9.32029676278546],[115.94413388996725,9.310479116718],[115.90073356670075,9.315389472646075]]],[[[115.41988939617875,9.379927347069554],[115.44534671487907,9.417351594400714],[115.4603598073594,9.359276550372556],[115.43179432644718,9.350324251762913],[115.41988939617875,9.379927347069554]]],[[[116.9187061902386,9.450629289010578],[116.93729630558016,9.456034481606139],[116.92602867718176,9.440524245697532],[116.9187061902386,9.450629289010578]]],[[[116.15980671480827,9.597323429432834],[116.17316105363977,9.608625130445603],[116.16649214629558,9.594247326253196],[116.15980671480827,9.597323429432834]]],[[[115.86490395855105,9.802669976838104],[115.89271783376114,9.790590895553578],[115.84694984555915,9.667357856779688],[115.84618512324505,9.773296747347047],[115.86490395855105,9.802669976838104]]],[[[116.41528107376257,9.790909974116062],[116.47135398769649,9.806761498244555],[116.6119259339348,9.713147081572686],[116.48379913802,9.70584302083887],[116.41528107376257,9.790909974116062]]],[[[115.49719553474631,9.906526983633569],[115.52528881942351,9.932250808328263],[115.58057006465685,9.907869428631216],[115.5477191127469,9.874698386421528],[115.51089821967719,9.88010678869739],[115.49719553474631,9.906526983633569]]],[[[116.14626717409101,10.1285176339818],[116.15632795726947,10.11125822478732],[116.14026259774073,10.123868317069366],[116.14626717409101,10.1285176339818]]],[[[115.36600557060069,10.244919569982244],[115.37884233520583,10.258298772370551],[115.38080984140129,10.257134930033033],[115.36600557060069,10.244919569982244]]],[[[115.7283938875679,10.461804373373127],[115.73067717361278,10.463791075597726],[115.7327355536031,10.459803467256279],[115.7283938875679,10.461804373373127]]],[[[115.7903709658475,10.471590723932934],[115.78786605357561,10.457647536904346],[115.77130115482464,10.456076345746908],[115.77074687566778,10.456787193274408],[115.7903709658475,10.471590723932934]]],[[[116.46807066632834,10.308735766342636],[116.55355143005454,10.511301841107127],[116.58857172570458,10.554894609398787],[116.80892433019369,10.691242553301265],[116.94680346880511,10.553291107398763],[116.76315622597906,10.357116419986824],[116.49873413067564,10.285710718974542],[116.46807066632834,10.308735766342636]]],[[[115.70681033742733,10.484458702207519],[115.71355991305961,10.509407638651567],[115.71881528939423,10.513126213004398],[115.70681033742733,10.484458702207519]]],[[[115.72741935431986,10.473845130048801],[115.72113334502808,10.492489931365299],[115.7499771769053,10.534758802276997],[115.8008087115528,10.538281876607414],[115.78229562404385,10.466237789142781],[115.72741935431986,10.473845130048801]]],[[[115.7275581673756,10.526093582552846],[115.73396640442616,10.53724848363072],[115.74733250189354,10.535546904266369],[115.7275581673756,10.526093582552846]]],[[[115.82749084932334,10.595723100041141],[115.80554869091952,10.785155305672959],[115.83361806981816,10.830679492164904],[115.86993917815073,10.788866912977824],[115.89855139593033,10.698551759955933],[115.82749084932334,10.595723100041141]]],[[[116.16147332313551,10.71572027736903],[116.24556593112288,10.893016148176741],[116.49067014281297,10.915862637850523],[116.17342386072278,10.604425379027987],[116.15875573109213,10.608477066763385],[116.16147332313551,10.71572027736903]]],[[[116.0892928283015,10.799416662948659],[116.09423496357272,10.809477406557164],[116.09336134864736,10.798136374594037],[116.0892928283015,10.799416662948659]]],[[[116.61861829739667,10.791653742026597],[116.64073468235972,10.888314295568307],[116.68081338303136,10.910135467278053],[116.92196147704055,10.916857967920976],[116.86874924268352,10.845820313556771],[116.81320958085769,10.818161362756825],[116.65446888493113,10.77063513430403],[116.61861829739667,10.791653742026597]]],[[[116.1933276544479,11.481526934620376],[116.47441619635049,11.7560535489323],[116.49006474798978,11.75413083077325],[116.48883610590167,11.673252753212182],[116.32740922855317,11.376987286634062],[116.10993532155794,11.349027678084951],[116.1933276544479,11.481526934620376]]],[[[116.14401091087495,12.04225160792555],[116.16121000973419,12.047482469640329],[116.17688851239495,12.03862038472306],[116.16118339789557,12.028852083556899],[116.14401091087495,12.04225160792555]]]]}},{"type":"Feature","properties":{"name":"Lai Châu","type":"Tỉnh","region":"BAC","lon":103.2701,"lat":22.2495},"geometry":{"type":"Polygon","coordinates":[[[103.4818917010412,22.623891584529076],[103.57000206983969,22.579080152127347],[103.59366423291806,22.527113302536918],[103.55330930368149,22.471240396926817],[103.60102841782731,22.412031192685447],[103.62474850443999,22.397002961017904],[103.74463841782875,22.40912352982707],[103.77886330359865,22.348365505963386],[103.76542396534381,22.312558858404657],[103.82527512634607,22.269501451131134],[103.87101386589723,22.198017419168593],[103.86387897303626,22.18169019864382],[103.93607102865514,22.140402409843375],[103.95447655185143,21.999832635467783],[103.98290270169838,21.96794078084241],[103.94185364243174,21.919401549741792],[103.91704068168218,21.93267597121917],[103.88467632685104,21.90691622040731],[103.88803610318365,21.866137322879183],[103.96497970434996,21.7706982833991],[103.95147508610643,21.742256812701783],[103.91422763469762,21.735977297414422],[103.91458758834659,21.69781026852911],[103.880083017917,21.70959919614603],[103.8774269583875,21.687298523008508],[103.85135929589484,21.69250381519896],[103.8310703711008,21.744289874078504],[103.80327743570513,21.740636500574112],[103.77671887107908,21.780259801648583],[103.75262820083088,21.780729614680013],[103.75645316767958,21.809773317284794],[103.69483063542555,21.82579590505702],[103.7208881014048,21.880611609937887],[103.70263477497497,21.886366275483283],[103.64825399302742,21.994914951863564],[103.5425916089157,22.030872512856206],[103.51123592559753,22.01242704087531],[103.49495658138119,21.971102826834056],[103.47449435543024,21.97980687748543],[103.45135091141549,22.012500569445763],[103.46680846593802,22.03132640968613],[103.42204171365421,22.06841017099265],[103.38667038562983,22.157275323697263],[103.33078621331316,22.154743241107724],[103.2861624946035,22.110681892755224],[103.27122790664265,22.076290496609204],[103.28119196683588,22.039605304041572],[103.16962759743575,22.081464444728397],[103.14009239284974,22.069422133124988],[103.09959997705738,22.10322251011081],[103.09165322301789,22.058689325252203],[102.99820915322988,22.052861898258072],[102.98481791161737,22.027837184038844],[102.92803516908782,22.07035259059961],[102.92402511097015,22.107851078764327],[102.92322971637839,22.092029752970745],[102.85443595415603,22.064725314921418],[102.77563169704524,22.088053350182008],[102.73725827464972,22.145269077605917],[102.75138698731968,22.20874794546137],[102.73638398613213,22.23127142023992],[102.67554014805944,22.26346156110219],[102.66045170768024,22.255589440000733],[102.69568050035485,22.210076280995622],[102.67174100164596,22.16865115672556],[102.61710840233098,22.19887969993823],[102.61777043375855,22.2347999426633],[102.58047841194923,22.257553507188675],[102.54416674200161,22.243324141495975],[102.5180620481251,22.25721905111834],[102.44721313987458,22.3588694174897],[102.38905292195483,22.404701620883145],[102.38982281537068,22.46078643194835],[102.34702274820131,22.49233711976234],[102.31915534084635,22.55099860720003],[102.35348067369421,22.567831864548964],[102.3461475486705,22.59106168574823],[102.41638298528659,22.637165526667786],[102.38212649644072,22.684834168162354],[102.43178447067686,22.700770037007658],[102.45687062657822,22.7660133054697],[102.49684641602931,22.780721918082122],[102.5470157187005,22.747690208736174],[102.56645637326307,22.705887759512564],[102.60405014999446,22.734613120099482],[102.65357266924337,22.691591601171524],[102.6865475810061,22.704987187408847],[102.7849435536022,22.6450671869012],[102.7854229030446,22.62735746557462],[102.86001406659597,22.609186999980125],[102.92687686657422,22.48484289648252],[102.98335149867279,22.48166826987483],[103.02787962034824,22.444403868943425],[103.07156467796756,22.449218701581856],[103.08078861230467,22.511896919207516],[103.1811713383866,22.56111520949935],[103.15591505593517,22.595590565452312],[103.18252199959068,22.644701831924067],[103.22489382129288,22.648056958761686],[103.28174673162641,22.686531696080976],[103.3177871804341,22.817432760213762],[103.43869121972409,22.75444675051716],[103.42983837444149,22.703969899491312],[103.4818917010412,22.623891584529076]]]}},{"type":"Feature","properties":{"name":"Lào Cai","type":"Tỉnh","region":"BAC","lon":104.4044,"lat":22.1078},"geometry":{"type":"Polygon","coordinates":[[[104.84696181323716,22.184018287114327],[104.87765444619578,22.07510544016401],[104.93415051273604,22.058600929089664],[104.96029717887177,22.030735023602517],[104.995568179428,22.044890052234166],[104.98540929999928,21.937035464515134],[105.01743472193493,21.936032211417455],[105.01193816361541,21.89999546152137],[105.09768918440841,21.81577117120264],[105.05476273371323,21.747235045860748],[105.09640035069566,21.68322090691936],[105.03003516269268,21.701813321827387],[104.88672479791114,21.61131993576646],[104.89590228766053,21.565267856226626],[104.86626836899012,21.54975117307822],[104.91073573336746,21.441037541249557],[104.88038886725246,21.389142690482856],[104.89458273940198,21.345095091865062],[104.85272551606977,21.365443288277163],[104.84622318834954,21.339055187447002],[104.77568469099577,21.32664039283992],[104.74739178470315,21.352988048459736],[104.73233965085427,21.406970833637104],[104.68814535302567,21.401086426497443],[104.67349988091485,21.376501617455745],[104.5872800417406,21.42381650522759],[104.57715526999976,21.40931127069865],[104.52814088479408,21.41453272460558],[104.47439480387715,21.35364645292151],[104.4267143830624,21.35568312867349],[104.3916767403893,21.399897702616954],[104.34519799099456,21.420457202837667],[104.32851902493309,21.41053783265488],[104.28073858961426,21.47140076153596],[104.285734236346,21.600706538076338],[104.33660398228801,21.654630220708157],[104.21522503440787,21.67336003853501],[104.19213530420097,21.648285679940216],[104.09117108457798,21.643023631535414],[104.02464013713268,21.67279818169078],[103.93428890870621,21.671576419416283],[103.91422763469762,21.735977297414422],[103.95147508610643,21.742256812701783],[103.96497970434996,21.7706982833991],[103.88803610318365,21.866137322879183],[103.88467632685104,21.90691622040731],[103.91704068168218,21.93267597121917],[103.94185364243174,21.919401549741792],[103.98290270169838,21.96794078084241],[103.95447655185143,21.999832635467783],[103.93607102865514,22.140402409843375],[103.86387897303626,22.18169019864382],[103.87101386589723,22.198017419168593],[103.82527512634607,22.269501451131134],[103.76542396534381,22.312558858404657],[103.77886330359865,22.348365505963386],[103.74463841782875,22.40912352982707],[103.62474850443999,22.397002961017904],[103.55609588092022,22.46577415475349],[103.59366423291806,22.527113302536918],[103.57000206983969,22.579080152127347],[103.52530537204535,22.59677552656933],[103.57839916299105,22.665182771867478],[103.56066085581392,22.70406401804007],[103.61747725637036,22.786260304769314],[103.65628956501149,22.791306626499647],[103.87254808412683,22.56785117838922],[103.97587209062453,22.50818381543081],[104.01026538344075,22.524371651830336],[104.00344040235274,22.57703396874274],[104.04745363697583,22.737592654077787],[104.11925193792666,22.8137389585861],[104.25709349207108,22.845654416817922],[104.27122495936442,22.834491921864753],[104.25495957262626,22.779737672155875],[104.26727604615269,22.742275219825558],[104.33709508497026,22.72184771040355],[104.3336845688878,22.689529408055762],[104.36034662659563,22.673952089917066],[104.396628728633,22.681389520110315],[104.41063077179274,22.638611586155832],[104.4579993400975,22.61313625853154],[104.4642893675603,22.57564799206125],[104.42294840634395,22.574392900012356],[104.41263702617789,22.52899943807364],[104.47240793437874,22.484671304936796],[104.44685007417166,22.46069181607453],[104.46510887477478,22.425602260036328],[104.57887848705258,22.349134454191756],[104.56368324138856,22.332670792123395],[104.57631026160936,22.302594515824296],[104.54141965269486,22.278224545826163],[104.54965167258666,22.24388771604532],[104.62520727719414,22.288842549843878],[104.72097054835217,22.25860277319947],[104.72229925080984,22.201007922177894],[104.75949243982427,22.17123341159271],[104.84696181323716,22.184018287114327]]]}},{"type":"Feature","properties":{"name":"Lâm Đồng","type":"Tỉnh","region":"TRUNG","lon":107.9816,"lat":11.6848},"geometry":{"type":"MultiPolygon","coordinates":[[[[108.90112295026398,10.048088974626523],[108.9069110615963,10.050702035770371],[108.90547966825216,10.04717211400191],[108.90112295026398,10.048088974626523]]],[[[108.93999695779343,10.508918286050118],[108.92066282073267,10.545586270989645],[108.92896930808718,10.554894372877072],[108.95444549006737,10.54980940997632],[108.9665351221982,10.516650763122243],[108.93999695779343,10.508918286050118]]],[[[108.87242645521678,10.62172268925076],[108.86820796932238,10.623440816140828],[108.87113542086303,10.624622765428342],[108.87242645521678,10.62172268925076]]],[[[107.8026539825953,10.651916460176551],[107.7984259818736,10.653613136437173],[107.80134766786063,10.65481005044353],[107.8026539825953,10.651916460176551]]],[[[107.99193409218469,10.694461051536337],[107.99011358287561,10.697970135113678],[107.99337168275702,10.696478944048067],[107.99193409218469,10.694461051536337]]],[[[108.30031066400602,10.909147919940608],[108.29822483580756,10.913182723803686],[108.30122351905021,10.911476119027725],[108.30031066400602,10.909147919940608]]],[[[108.64225491773033,11.551273028527476],[108.67990158179265,11.473499392682868],[108.75869114757847,11.471639708006194],[108.75546929127484,11.41258102959091],[108.87440080705164,11.349874317845547],[108.78593195769378,11.314052440267972],[108.7543723665915,11.282399180277991],[108.72644177286958,11.184522790094718],[108.70291796059547,11.16526997512932],[108.66988319175596,11.192548411080338],[108.58879228513592,11.185139273558661],[108.52247207042979,11.154075751195023],[108.47478777173836,11.048863949012059],[108.36167999933258,11.026502207411],[108.33655899739989,10.954322368182773],[108.30746384008421,10.957612342735501],[108.29317418833818,10.915210733688468],[108.27593634218852,10.942711638531364],[108.22739716684583,10.956050537802128],[108.0878358382534,10.918011757636577],[108.04388878563901,10.850517196511476],[107.99198766479896,10.700425083750645],[107.8960320907085,10.723033727024927],[107.83048013624932,10.707435138121184],[107.75156924922152,10.642073973934771],[107.57011156959334,10.570545663851362],[107.54064004510207,10.70860877857234],[107.50210202428906,10.748573442510406],[107.5041596704325,10.772723791769636],[107.55132267979792,10.795440948141277],[107.57428210183758,10.82999155846369],[107.55838490923622,10.938472508699363],[107.50635276077134,11.01289330198432],[107.46968529923726,11.008905761092024],[107.39278426208409,11.050712916467944],[107.41497187425267,11.051391796694134],[107.44321632057677,11.088484776051644],[107.45226875330036,11.113357737769434],[107.43251653670887,11.137443696469461],[107.49772214156366,11.221278575845645],[107.49532546180069,11.24335266389437],[107.5213443639513,11.25331919542458],[107.51659426361442,11.312859809732458],[107.54215712315278,11.367187572148794],[107.53358198222276,11.356058594928243],[107.48705380518902,11.399567570686884],[107.47302573385059,11.437061778977977],[107.42903598322408,11.4263381540826],[107.46900035668119,11.480816685141974],[107.40756636369679,11.52966239260536],[107.36547202511395,11.518562691914724],[107.37727562517,11.542884607538667],[107.36011910920956,11.582936034470436],[107.34435417990153,11.544055478977214],[107.31025598972224,11.554536889465908],[107.3026060299444,11.618073341811339],[107.2675099637139,11.640709405414782],[107.28670889310098,11.72982024480848],[107.3919471353521,11.770271540898932],[107.4253542936658,11.86183862485268],[107.35116623413444,11.940441843916005],[107.33477230639687,11.99310503766742],[107.29127757679879,12.02126993715791],[107.24746101581331,12.022643340417858],[107.24047463609566,12.039844400698598],[107.22816081826721,12.029635438025082],[107.23919895406851,12.115437131118767],[107.22222748710891,12.128563234605622],[107.20290421385846,12.298844461802503],[107.26861197766073,12.325996833487125],[107.34631818863357,12.328858736141797],[107.41617187113502,12.247986271249488],[107.43630702265102,12.25631163357508],[107.44437559525755,12.291304229206844],[107.54321357924334,12.353868402904538],[107.54585121616077,12.416374110776644],[107.57794435254988,12.493080130843396],[107.56434037630737,12.527712388815758],[107.58782526592336,12.558935297126311],[107.55911705990445,12.797471190642966],[107.78387316691317,12.779736241534351],[107.84455300012092,12.81289684081662],[107.85778191230548,12.802807925045727],[107.85843108882375,12.757548954920367],[107.9083072367896,12.741346885850135],[107.89345078282741,12.716637099822321],[107.91071462028356,12.693565600672002],[107.90289094116406,12.64924220156638],[107.91826670414514,12.647570062408477],[107.93207178588426,12.598295968284333],[107.88503384973245,12.542533145987932],[107.94752683759356,12.525834162816409],[107.99905147164816,12.478726225235164],[107.9771419613325,12.445279886157891],[107.91988761971794,12.427809067934163],[107.9108714998199,12.399284382967949],[107.929763941153,12.349516141057109],[107.97270839357753,12.29894614185099],[108.03873768569571,12.28939365189558],[108.11904627566514,12.176619456922424],[108.16423856915469,12.19782463619805],[108.18657265390493,12.174416249210594],[108.22448967935526,12.184304536125467],[108.24001771644453,12.16220591367204],[108.26516362510125,12.207647446172757],[108.3382880285697,12.229163869117315],[108.33339435866276,12.2484847618623],[108.4370744948921,12.251373369885187],[108.48020335420148,12.309602872474613],[108.50860879176241,12.278659871855666],[108.54097639224676,12.29846442359434],[108.59539698628197,12.278658075010185],[108.67842301091326,12.317935486033889],[108.69948156742043,12.308943191874846],[108.69881402674599,12.24101488502896],[108.72705052216395,12.163277455889954],[108.67157066165674,12.121765211595289],[108.70959189155263,12.056385435039829],[108.65957726687742,11.961060836088791],[108.65238703603296,11.849126737409051],[108.61718801811259,11.807068216125344],[108.67035014314467,11.785199266133247],[108.66515458971259,11.753168371822937],[108.69957335942308,11.702260973065506],[108.67297089978723,11.6673491536406],[108.55097480564285,11.628502637486804],[108.58225320302296,11.556813910833341],[108.64225491773033,11.551273028527476]]],[[[108.83096897064155,11.232383074419374],[108.82767287979965,11.223778882689317],[108.81938429434979,11.225471431061749],[108.83096897064155,11.232383074419374]]],[[[109.07795825936626,9.965302915197412],[109.08274299709171,9.96981295950053],[109.0810388258812,9.965287025975499],[109.07795825936626,9.965302915197412]]],[[[109.05178578538573,9.981640341228797],[109.0512094017925,9.987408974144898],[109.0544149560854,9.986311768873065],[109.05178578538573,9.981640341228797]]],[[[108.97325337084646,10.040938169161223],[108.97380058672775,10.04593593109837],[108.9754902977391,10.040927754112602],[108.97325337084646,10.040938169161223]]],[[[108.96812754634925,10.48329083450443],[108.96797839828452,10.485531244471417],[108.96906557071958,10.484609054464329],[108.96812754634925,10.48329083450443]]],[[[108.9683800274164,10.496512723883143],[108.95933006423115,10.489695502145764],[108.96385636378022,10.498770144526588],[108.9683800274164,10.496512723883143]]],[[[108.9619357248539,10.501665796039731],[108.96066675806452,10.503526585083875],[108.96231096967557,10.503249633463838],[108.9619357248539,10.501665796039731]]],[[[108.95701729031578,10.554668296804493],[108.95564699421345,10.556428967922557],[108.9570820549929,10.55616005983893],[108.95701729031578,10.554668296804493]]],[[[108.95104128093044,10.554735997768148],[108.95018907886293,10.556807987198908],[108.95155000762679,10.55625122501408],[108.95104128093044,10.554735997768148]]],[[[108.9512068443205,10.558636701022976],[108.95048561232119,10.560766805543665],[108.95180991709407,10.560084403572432],[108.9512068443205,10.558636701022976]]]]}},{"type":"Feature","properties":{"name":"Lạng Sơn","type":"Tỉnh","region":"BAC","lon":106.5866,"lat":21.8932},"geometry":{"type":"Polygon","coordinates":[[[106.56468640235562,22.425843165030074],[106.58534163271025,22.379556252718942],[106.55804561591248,22.34951822368714],[106.65099583828737,22.339001753128457],[106.6646826699693,22.290279393978892],[106.68985226137283,22.27767895412046],[106.70023519879544,22.220744961810567],[106.66878451469364,22.185544761281733],[106.70434101222799,22.160152460867437],[106.68820746070583,22.139861278775072],[106.71021730028826,22.09775747572695],[106.69533492067012,22.04690823073031],[106.70644713003111,22.026249144982103],[106.68146064419341,21.99798474539972],[106.69678499023519,21.961162416112643],[106.73583639623274,22.00928956795923],[106.76364788374292,22.01340545020139],[106.80857229797323,21.975200880016644],[106.91531586593453,21.976706696756708],[106.9283914787838,21.932487681960993],[106.9587284415644,21.920750457267843],[106.99203156360585,21.954506639769647],[107.05924063674604,21.932086322625764],[107.06295613271942,21.895118227624152],[107.0164836183244,21.864369043496595],[107.00385215635197,21.833181763627522],[107.08469833406093,21.809670525674278],[107.23157484170565,21.708192025141898],[107.29542783562619,21.74371427199611],[107.32034264729538,21.726637978260158],[107.35829808638766,21.66485078103875],[107.3605219677147,21.600674227233867],[107.29477287466847,21.595103772521156],[107.27924083559617,21.56704631593476],[107.20249951983703,21.542807558821835],[107.24430945411808,21.483998720164834],[107.23650913398939,21.46072550667685],[107.26291080289133,21.40031079091034],[107.25116421715495,21.367853235738266],[107.2122689226727,21.38876844300927],[107.16738938011588,21.364253727127846],[107.09838180407706,21.376232559185325],[107.02959771676126,21.325289991539933],[106.98554953718144,21.361292220059966],[106.98431175888061,21.40313544994109],[107.00198336693887,21.421814211456763],[106.98864776997868,21.437479979717352],[106.90973368316298,21.431362553738893],[106.88806639714659,21.491177933414917],[106.84072302155028,21.495883772718003],[106.86398143219742,21.53490917122133],[106.84219550761662,21.560549615272578],[106.78432146026722,21.577777409699763],[106.74084860038266,21.542933232782502],[106.66747932321226,21.61009286299526],[106.55362438685603,21.593690820674908],[106.48068229575142,21.449295307832244],[106.41605025871252,21.437811237798428],[106.41295715205098,21.40845519974772],[106.37724949376917,21.39470254578589],[106.32511941273077,21.408382838497232],[106.32642845331054,21.448353457745952],[106.28091509195798,21.453965623914485],[106.28591956823357,21.492385394670293],[106.24202521768973,21.483567195769524],[106.16710035439792,21.513074873906362],[106.16714400838936,21.596255028846542],[106.19551870622337,21.620195283885266],[106.18987145570316,21.64793662697383],[106.2359530563885,21.72121470119754],[106.10471125442092,21.789907492936493],[106.093016186348,21.823105299869724],[106.11579681417169,21.84391139779285],[106.1119486663979,21.891214998173666],[106.13031091601601,21.91945269508585],[106.09678380702712,21.939207050265225],[106.11247740031183,21.994095264784676],[106.09407913734236,22.03679852982833],[106.09914044987192,22.072916359002818],[106.15514573478788,22.082851419657345],[106.23248377860358,22.181575500009387],[106.21989912184705,22.20932084328234],[106.24359155700483,22.268415864200847],[106.19843243770691,22.312355903901903],[106.21835171236171,22.3514475680509],[106.18298356164212,22.38830094283429],[106.19163423303348,22.417042443553953],[106.24004129437031,22.460878833691254],[106.33114743890326,22.41186213093266],[106.36004061837991,22.357999736198906],[106.39484233200807,22.374625145833875],[106.45193415803504,22.358256551099032],[106.48565854140861,22.3701249311207],[106.48926038016248,22.4030107731287],[106.56468640235562,22.425843165030074]]]}},{"type":"Feature","properties":{"name":"Nghệ An","type":"Tỉnh","region":"TRUNG","lon":104.8684,"lat":19.2703},"geometry":{"type":"MultiPolygon","coordinates":[[[[105.98830266343725,18.796951454146324],[105.98575313310067,18.79743309416199],[105.98679683320734,18.799059335519985],[105.98830266343725,18.796951454146324]]],[[[105.77987673482352,18.802076609547953],[105.76763285187468,18.801850519985578],[105.77636241539324,18.80815357053092],[105.77987673482352,18.802076609547953]]],[[[105.96480348809058,18.80350280211269],[105.95363278412577,18.807136573993716],[105.95262732319247,18.81207792325762],[105.96480348809058,18.80350280211269]]],[[[104.91447787355509,19.99688251151872],[105.04464825381393,19.932584014141014],[105.09178204510533,19.940338725152117],[105.17086326282936,19.915112154502367],[105.18580744835509,19.86324390478245],[105.14777010980276,19.85643600451806],[105.12870841516127,19.825277618067673],[105.1320047434242,19.744248602790833],[105.16031971458324,19.72344614082681],[105.16285747369352,19.686106837160878],[105.23281979339879,19.646403581859886],[105.24433645306493,19.657841621893397],[105.2816596993357,19.60307197219379],[105.26627165701143,19.53003019573697],[105.291419039657,19.475954052837324],[105.34905570375776,19.539770409277025],[105.39326465513977,19.451370106245463],[105.47815349318921,19.446184985848447],[105.52186183065902,19.464965699907168],[105.5882735450881,19.371634679397005],[105.62491978262193,19.382170925148102],[105.6850120986295,19.302285595703722],[105.74019586814484,19.324163033497257],[105.76620508369774,19.29287472199087],[105.79957030122847,19.30175930794576],[105.765466707023,19.2329396632349],[105.74896680137687,19.24217519882643],[105.73457990593795,19.217989976556225],[105.73576650022386,19.105385699490512],[105.65179310636682,19.085408168552192],[105.61119243738113,18.983346057474648],[105.6338526738619,18.8990350419337],[105.7180721582036,18.84936635497337],[105.71493471316654,18.8226097362504],[105.75717269686254,18.768234892526323],[105.74035208218288,18.743949849106286],[105.76591469710564,18.67559207101732],[105.71273882503681,18.66649622801856],[105.6748768264045,18.579288772259076],[105.5997078313514,18.57753099246139],[105.54324868827638,18.554105944633704],[105.50233988817536,18.61122098216265],[105.47645491036587,18.615665893066534],[105.37734130755535,18.579972529508666],[105.27811414824941,18.625398769037986],[105.22888640068692,18.58972871590754],[105.18867436742818,18.601071996175733],[105.19475600128851,18.646827285950508],[105.13722450570646,18.681834382250997],[105.13176118003452,18.71590176615365],[105.0502239857484,18.706951312053434],[105.05640014465104,18.725137399771256],[105.0203397866519,18.730514259225743],[105.01934418318757,18.749455522054745],[104.94075706738482,18.73957136572602],[104.93665846741442,18.773697317976882],[104.9112977143181,18.791641738975102],[104.85512073173646,18.77466388682899],[104.73684081165419,18.801850800574016],[104.7115352229722,18.84157464045734],[104.67516366177364,18.838573136940795],[104.62651539866675,18.88878820521154],[104.57736121924495,18.90279591410018],[104.52824244703135,18.98644394043555],[104.48708071979945,19.006643280163303],[104.44631373469116,18.987468931046408],[104.39810976005742,19.058462738964295],[104.30978882669308,19.089096331430596],[104.28067947357891,19.120213083766828],[104.21408550074534,19.11979332520184],[104.22432985533862,19.154708000873597],[104.17961657134776,19.198680105902213],[104.10153329802336,19.21400067928795],[104.06956786806273,19.247656258229767],[103.9977135699254,19.231506920907748],[103.91446337308628,19.303370359754354],[103.87290517883099,19.308000621831297],[103.9502211946525,19.3589829431084],[103.9732251763009,19.399701854956675],[104.04834516189976,19.426907598706748],[104.06754693134587,19.417259102525634],[104.06359932574833,19.454255732116394],[104.12138282485756,19.49902755657655],[104.1018397842787,19.524722468966843],[104.10637709242894,19.569370852482905],[104.05997495268196,19.615024229284813],[104.06941134016125,19.683630592577856],[104.13540790595016,19.662722797519166],[104.15968057739678,19.696729086877895],[104.23484570806306,19.708514940612076],[104.30360025444827,19.697765944942432],[104.31822473997983,19.668094709803086],[104.41445332306245,19.707542400261616],[104.42415608883249,19.673609717714328],[104.48979834781557,19.654012636873745],[104.52581109480622,19.614191735859947],[104.60940149618216,19.634798833599348],[104.6404676616533,19.623551402175508],[104.66145293240697,19.702557816090405],[104.69949129798505,19.73780012017943],[104.83105738558993,19.792706492011064],[104.84761431634769,19.843645117028586],[104.83415073686706,19.85328163873669],[104.8485018671675,19.871879535911887],[104.8426021787476,19.92648133884279],[104.89672055560919,19.96135515921327],[104.91447787355509,19.99688251151872]]]]}},{"type":"Feature","properties":{"name":"Ninh Bình","type":"Tỉnh","region":"BAC","lon":106.0556,"lat":20.3121},"geometry":{"type":"MultiPolygon","coordinates":[[[[106.10884003384052,19.892775426644675],[106.10687623465054,19.8954937966015],[106.12601374393921,19.906887273428993],[106.10884003384052,19.892775426644675]]],[[[106.13738257484601,19.91831343251897],[106.13506325656408,19.920759007522236],[106.13682657888359,19.921066465944705],[106.13738257484601,19.91831343251897]]],[[[106.14073206203511,19.92365468601497],[106.14684238336935,19.938755723198142],[106.14907960344101,19.939235069942583],[106.14836704000697,19.933076885789717],[106.14073206203511,19.92365468601497]]],[[[106.17813290810727,19.971674573922485],[106.06360300897177,19.91833670967145],[106.02318011437086,19.97091052969722],[106.06990684732318,20.067362284941566],[105.95897640193948,20.067258391661483],[105.91992016928043,20.10496162397982],[105.74012889833006,20.185571664001145],[105.64871749511639,20.273863734523786],[105.5484608422941,20.334449824200078],[105.54113842729663,20.363458801282718],[105.58047677997945,20.370027575412337],[105.68497981027008,20.30670348447825],[105.72703790527515,20.33996099200624],[105.68425383074975,20.411302379801043],[105.72944241903247,20.40010699753998],[105.74447453936858,20.367283249222623],[105.75746344768004,20.378579041689477],[105.75015199361968,20.440714444715923],[105.78021889808372,20.437904316930712],[105.78992887461794,20.455534038165354],[105.8224492357437,20.418737229839337],[105.85960912556078,20.422457148678518],[105.84997857625035,20.477834966710418],[105.8048436568094,20.500040963719528],[105.76797789296546,20.565141829931576],[105.7940863073373,20.56990946524968],[105.81149104517567,20.635376993153784],[105.8320341741379,20.64865168802504],[105.8245820733041,20.666401971473874],[105.87616064959434,20.644197770410813],[105.8940835453194,20.669410038242745],[105.94153928221215,20.68253713548046],[105.95638109161416,20.651466845718403],[105.99598857900975,20.678731482472017],[106.0012623563727,20.705280123079262],[106.01650949741543,20.70113472958417],[106.05453355118249,20.610173333632474],[106.12774780681588,20.610288486424565],[106.13137902012573,20.57530351974168],[106.17066198626173,20.54554395588889],[106.1817930454128,20.48558361089499],[106.222435103897,20.469571841966967],[106.2145514346011,20.41593506914819],[106.28279129538203,20.395981525826812],[106.25081929587384,20.350064956132883],[106.25868780889533,20.329110113940658],[106.3379643530725,20.378243209656432],[106.44015431896673,20.295181852460587],[106.52487735170848,20.317432896511036],[106.57617789089699,20.262418649201322],[106.5509538464429,20.224996083602434],[106.51724218487897,20.240006106696512],[106.35321923008348,20.178880770930903],[106.17813290810727,19.971674573922485]]],[[[106.57330440407503,20.214816871401524],[106.56378818197908,20.212033251133676],[106.57317784787944,20.21606382098861],[106.57330440407503,20.214816871401524]]],[[[106.59766203177742,20.219989263693606],[106.59568193057669,20.223101842476126],[106.59631805703276,20.223476094446255],[106.59766203177742,20.219989263693606]]],[[[106.57470238130992,20.216499010121254],[106.58274909769278,20.229320706585384],[106.58495723279015,20.23889579200727],[106.58393764530615,20.22645455013742],[106.57470238130992,20.216499010121254]]]]}},{"type":"Feature","properties":{"name":"Phú Thọ","type":"Tỉnh","region":"BAC","lon":105.1683,"lat":20.9814},"geometry":{"type":"Polygon","coordinates":[[[105.31715286211494,21.01422421027911],[105.38537026592508,21.02514627597992],[105.45919961197256,20.948500069822387],[105.5780405840058,20.92923976890029],[105.54117321217404,20.88094236279983],[105.58330468916012,20.85913469261203],[105.56145572929853,20.81027333424703],[105.59854536137937,20.841821056096933],[105.6346840503287,20.84007925994996],[105.64189714283896,20.746189212762033],[105.68213070406881,20.69533177044491],[105.66774559828082,20.67990407791092],[105.68315868222749,20.63556720696107],[105.66477475804868,20.620591412064073],[105.69873711642487,20.62241311387413],[105.7061505940747,20.60037692055846],[105.74127428298186,20.60009309542005],[105.76210285676149,20.579147340877114],[105.79364205663569,20.512953087914752],[105.84997857625035,20.477834966710418],[105.85960912556078,20.422457148678518],[105.8224492357437,20.418737229839337],[105.78992887461794,20.455534038165354],[105.78021889808372,20.437904316930712],[105.75015199361968,20.440714444715923],[105.75746344768004,20.378579041689477],[105.74447453936858,20.367283249222623],[105.72944241903247,20.40010699753998],[105.68425383074975,20.411302379801043],[105.72703790527515,20.33996099200624],[105.67729141886394,20.306872650552407],[105.58047677997945,20.370027575412337],[105.50537215659983,20.361318288907967],[105.34490239532931,20.391637392951395],[105.25677717692525,20.43539460947369],[105.26462340204841,20.455733789282988],[105.22780504326818,20.505356842844094],[105.16763101485952,20.51654193326368],[105.1032518357037,20.57365842319774],[105.02008697103696,20.55966974666154],[104.97960947859463,20.575324742842668],[104.95794605336772,20.629046634694475],[104.91482898686832,20.660415302424326],[104.8354148922835,20.66003351503474],[104.8433250403184,20.75483813946863],[104.87953961226333,20.767979534128244],[104.9958890692252,20.723958347699636],[105.01239473772705,20.741823329782903],[104.99019326430778,20.756040897269656],[105.02269801140415,20.802651771462138],[104.99594321830494,20.81595229396322],[105.00443978187047,20.845272591157197],[104.97378474057336,20.909524799529947],[104.86599256670365,21.02911783052349],[104.85075191067222,21.07738669124285],[104.91148169492436,21.11472787179389],[104.85162656071725,21.151456891922066],[104.86233007587236,21.208413092090552],[104.84273718227519,21.22701592474516],[104.84167605600521,21.310376544841745],[104.81166618294804,21.334421545717817],[104.84784553294503,21.33991492223595],[104.85272551606977,21.365443288277163],[104.8817354140582,21.3430670828796],[104.8986129108572,21.351228724526038],[104.88038886725246,21.389142690482856],[104.91073573336746,21.441037541249557],[104.86642894384073,21.550566542512],[104.89590228766053,21.565267856226626],[104.88672479791114,21.61131993576646],[104.90385068116404,21.610049593913686],[104.90647797857594,21.633003222520756],[104.983755140987,21.66194817147101],[104.99758376427934,21.688647803753213],[105.03049515332873,21.70181947139156],[105.09640035069566,21.68322090691936],[105.08923266765356,21.720979379195057],[105.23243638812886,21.65978619857424],[105.22448999921414,21.62812661724962],[105.30106223163676,21.509725386717264],[105.33718313829127,21.50467817196011],[105.36885306991331,21.525590773895146],[105.42165408926485,21.498232667903324],[105.51835834536143,21.535267805564843],[105.55234842623895,21.573214018512203],[105.65030519602806,21.458331890904105],[105.72244125266172,21.43407378667598],[105.72770723739916,21.41025975778166],[105.75102197618332,21.414234543589373],[105.78410578415469,21.358663001696243],[105.72155815798266,21.267554994667307],[105.73549628542531,21.2373645512331],[105.69618963294528,21.213718043552944],[105.68639660941608,21.235315800284013],[105.64416247481842,21.23706536657346],[105.65629932315528,21.221587100664237],[105.61479423206822,21.20512411308738],[105.62544112770593,21.1738370354509],[105.55991446128343,21.153615127236378],[105.4818370776191,21.166371300894866],[105.43023512884815,21.28368748049286],[105.36083811488714,21.29242573865696],[105.33965143376673,21.209776090194453],[105.28470698194172,21.16612185503965],[105.3179311947689,21.114707904146485],[105.29203326672194,21.053348035983106],[105.31715286211494,21.01422421027911]]]}},{"type":"Feature","properties":{"name":"Quảng Ngãi","type":"Tỉnh","region":"TRUNG","lon":108.1586,"lat":14.6755},"geometry":{"type":"MultiPolygon","coordinates":[[[[108.54007027672196,14.586840203112956],[108.52587025141105,14.556482101767642],[108.48625542464816,14.545293262074438],[108.37289372416609,14.60094281655779],[108.35559224468642,14.572954259731375],[108.38000776894341,14.513187522586122],[108.2961626759668,14.420068161116774],[108.29444318660381,14.392025218688957],[108.21994948168327,14.392126606457794],[108.15099926260592,14.35017487427109],[108.11330304320097,14.364233892180437],[108.10546378872294,14.340186692461941],[108.07629990611582,14.334008209711158],[108.08564229555554,14.320132499715157],[108.05794747889308,14.266636453709395],[108.03592839877666,14.276662532050238],[108.01156169331756,14.24159115670659],[107.9586268890198,14.229744371205811],[107.88083392314712,14.283009377780616],[107.83609595276607,14.270453069453652],[107.83659132542937,14.237201454283763],[107.81454744021227,14.214863699400269],[107.78147510309361,14.226680499705367],[107.75767144518113,14.203304377694906],[107.68629213567357,14.222247203545635],[107.65657229937216,14.166964695664205],[107.64936243722678,14.070516182475899],[107.63130796798839,14.055191010856504],[107.61218752243627,14.064421044395715],[107.58979009034044,14.023480469448145],[107.51974579743069,14.014875089713655],[107.52466886887328,13.985452634931221],[107.47137261175669,13.958609356636543],[107.4578354767259,13.924641428759003],[107.44522836839457,13.997715834418273],[107.38345717820624,13.9901687310022],[107.35576903990932,14.017920995457644],[107.38044986596861,14.079231356841717],[107.33084929995528,14.108853131067178],[107.40263134566015,14.233726724808548],[107.38965133524101,14.327855209250572],[107.41966645044641,14.373190717977309],[107.422216559047,14.417162213265556],[107.4458261783355,14.42714938603541],[107.48673731757322,14.407692907002115],[107.52994165698192,14.55434272343797],[107.51582644133725,14.58702678905513],[107.54341366131149,14.612302672230612],[107.55524716742292,14.72021533726803],[107.52006153411259,14.726758395283753],[107.53908637004002,14.751008909233803],[107.50536329428064,14.790655850786948],[107.58741494304525,14.867452933506115],[107.58152910598352,14.894026930498512],[107.47814342128191,14.955522271635573],[107.46537609782871,15.00950967663033],[107.53913253673721,15.050577207971799],[107.58154402573626,15.030022950798582],[107.61938910542295,15.052192664659799],[107.59780094625671,15.090119205836743],[107.62102862077427,15.10819662667302],[107.60774719357818,15.130141218642393],[107.6241788002115,15.150407307851026],[107.58165693831711,15.201784315493796],[107.63121489894849,15.230964225818411],[107.61382194312824,15.288495575710328],[107.6328770763161,15.319492197506975],[107.60765411104842,15.337660398608534],[107.5962953723336,15.382820037714623],[107.62194886015186,15.416072029700445],[107.65391212094767,15.396114159740705],[107.69101496586802,15.318740249163227],[107.72701664670092,15.309086636738925],[107.73510073531077,15.230264183645204],[107.88964097674972,15.194312529399781],[107.92651160862391,15.210291588186294],[107.94938522724652,15.17638832156382],[107.99590482474792,15.155757426863829],[107.99590099543462,15.117657757199765],[107.95494684432146,15.037864341166483],[107.98514822171313,15.001889809966826],[108.04253900666987,14.994540871264235],[108.08784860502914,14.951615609472867],[108.15390047732524,14.969075374129261],[108.14563544961635,15.04722288782608],[108.1596942786681,15.061121699606815],[108.21676750221849,15.030851301946086],[108.2397477318724,15.036785398427469],[108.23363726035137,15.079354838954714],[108.29974988904621,15.174809291016004],[108.28972307236194,15.198760613111858],[108.30562847127698,15.224999534401036],[108.2794517021344,15.243590527480933],[108.31327454778221,15.299125216055927],[108.39446073397573,15.300004248497316],[108.43235629800483,15.326887050197286],[108.48403547335846,15.310241171992516],[108.65018676730551,15.369424100741696],[108.71228496807686,15.372091221033088],[108.7368287563421,15.400675583211637],[108.76904380123051,15.386364515909747],[108.78005643495658,15.340617376690659],[108.77661474657333,15.387216163095502],[108.80519801427698,15.401927765054381],[108.7942902001327,15.424445587593823],[108.82467653119704,15.419684548802934],[108.83377571787514,15.367412186922934],[108.88304578033853,15.327722924173656],[108.87623997729315,15.286815457767204],[108.93867470527351,15.2416598629124],[108.933615671626,15.216945193565891],[108.89406541978337,15.191749680103726],[108.90192404925551,15.077828696637084],[108.97780212017176,14.863397961446822],[109.0747658468664,14.705722768790793],[109.081681904996,14.673041496467931],[109.0646416587856,14.692840552449582],[109.06300958802211,14.652166609401547],[109.07989437742361,14.579759392781796],[109.01553063423142,14.665675584860423],[108.92680579105445,14.699070294758371],[108.83632167160789,14.694867019097728],[108.80737128985322,14.671106064593232],[108.76703584892533,14.677910668842344],[108.75981148701055,14.598878500142689],[108.73244630605222,14.590176456778124],[108.70204396885413,14.615115732704965],[108.61110735012414,14.534087365839298],[108.59441711375888,14.56416056196042],[108.54007027672196,14.586840203112956]]],[[[109.14112919485655,15.388664304514066],[109.11385216364647,15.369902837745826],[109.09027758913948,15.384902739869574],[109.14112919485655,15.388664304514066]]],[[[109.08419865144668,15.427794563068687],[109.07719206576127,15.432539194628191],[109.08521031770204,15.432839937812957],[109.08419865144668,15.427794563068687]]]]}},{"type":"Feature","properties":{"name":"Quảng Ninh","type":"Tỉnh","region":"BAC","lon":107.167,"lat":21.249},"geometry":{"type":"MultiPolygon","coordinates":[[[[107.12023822471434,20.76101014170473],[107.12480590027212,20.761552798922594],[107.12247670473619,20.758973500126956],[107.12023822471434,20.76101014170473]]],[[[107.12871862566408,20.758998229684607],[107.12399529364797,20.768315581998536],[107.13299155111923,20.7631585968918],[107.12871862566408,20.758998229684607]]],[[[107.1337239553963,20.799434347017552],[107.13342855238585,20.78090568594871],[107.12159191573437,20.769827062668867],[107.11091880755697,20.80776971160293],[107.1337239553963,20.799434347017552]]],[[[107.11899094507612,20.807281822198377],[107.11659799210372,20.813139471809222],[107.12196231141161,20.809194306971733],[107.11899094507612,20.807281822198377]]],[[[107.1249584100027,20.812356557109467],[107.12880077513574,20.813839615605843],[107.12682438273913,20.810936850455334],[107.1249584100027,20.812356557109467]]],[[[107.08031158860899,20.83067376957888],[107.07684588742785,20.84089243054126],[107.08572486700905,20.833728308814443],[107.08031158860899,20.83067376957888]]],[[[107.12342227711645,20.840008383480153],[107.11533736832496,20.83485960828432],[107.11115154760591,20.841728008640757],[107.12342227711645,20.840008383480153]]],[[[107.09756715589958,20.85939094453653],[107.10451319023161,20.828057031107164],[107.08179898363625,20.845611550132958],[107.09756715589958,20.85939094453653]]],[[[107.05273627296071,20.847228892699263],[107.05394627570013,20.85252846891376],[107.05592610980216,20.85008344879219],[107.05273627296071,20.847228892699263]]],[[[107.10988889855389,20.85410347679408],[107.11638582764391,20.854887549820603],[107.11747519622338,20.8511019741768],[107.10988889855389,20.85410347679408]]],[[[107.04307775833195,20.853200690559447],[107.04775793368174,20.857021497144444],[107.0458041007787,20.85299151814411],[107.04307775833195,20.853200690559447]]],[[[106.89600214977946,20.858062050523245],[106.87807888263438,20.85183529216505],[106.88745037323622,20.874056538978152],[106.89600214977946,20.858062050523245]]],[[[107.12803621020299,20.86100309351798],[107.13013619103248,20.8647101097838],[107.1369918866663,20.85995773865875],[107.12803621020299,20.86100309351798]]],[[[107.06528325082144,20.857710538810352],[107.06592649541147,20.866752587062308],[107.07041121300716,20.862122731478905],[107.06528325082144,20.857710538810352]]],[[[107.08065060334275,20.865384973637674],[107.08607283809107,20.866733926129825],[107.08501416966828,20.863823986188038],[107.08065060334275,20.865384973637674]]],[[[107.0226935170922,20.86950325257311],[107.02724250563716,20.865972202155433],[107.02443057561061,20.865378698168456],[107.0226935170922,20.86950325257311]]],[[[107.03673667815525,20.868951577853068],[107.04363767983511,20.875760965596157],[107.04395786816116,20.86646487685266],[107.03673667815525,20.868951577853068]]],[[[107.00218307578837,20.872672128016347],[107.01241739304834,20.878625850402727],[107.01033120961768,20.870287568416586],[107.01289728837924,20.865198329239547],[107.00218307578837,20.872672128016347]]],[[[107.11421885361727,20.871696002068916],[107.1179543037482,20.873500583485168],[107.11710242004074,20.86991790928414],[107.11421885361727,20.871696002068916]]],[[[107.01617447007578,20.8688286567172],[107.01565250625822,20.877026162427512],[107.01965091995407,20.873815683447106],[107.01617447007578,20.8688286567172]]],[[[107.05801746073729,20.869559902667447],[107.0658232199657,20.873983522121875],[107.06378889863885,20.868680522188413],[107.05801746073729,20.869559902667447]]],[[[106.93218835620775,20.87621841294947],[106.93797769331593,20.87787406393693],[106.93430912216832,20.874435760601898],[106.93218835620775,20.87621841294947]]],[[[106.96483865497999,20.877258530157064],[106.96439910233676,20.882279759903042],[106.96539906841235,20.87775641372758],[106.96483865497999,20.877258530157064]]],[[[107.03751308715931,20.878575230262697],[107.02835667931737,20.883506624031497],[107.0355612714356,20.884506661153523],[107.03751308715931,20.878575230262697]]],[[[106.96706197872737,20.878216273961925],[106.97239505738605,20.879603627505446],[106.97026133759073,20.87578430210391],[106.96706197872737,20.878216273961925]]],[[[106.97643657109097,20.889735362696854],[106.99469469270599,20.871180731006007],[106.97822232879747,20.872047951751597],[106.97643657109097,20.889735362696854]]],[[[107.01094084744221,20.885463099142783],[106.99998761033999,20.892451257719415],[107.00648700627039,20.89712913889872],[107.01094084744221,20.885463099142783]]],[[[106.94833816477455,20.88523849615973],[106.95248436136427,20.893339689874836],[106.95919142514424,20.887819234769893],[106.94833816477455,20.88523849615973]]],[[[106.99634700001411,20.887485921737948],[106.99677196205647,20.89476134805784],[106.9980752496731,20.894726739447492],[106.99634700001411,20.887485921737948]]],[[[106.96398336014403,20.885374111226326],[106.96274600182659,20.896472613120636],[106.9643767613785,20.897590690757795],[106.96398336014403,20.885374111226326]]],[[[106.969701431376,20.89478942039551],[106.97225326757427,20.896149893203074],[106.97379029258798,20.890690868089166],[106.969701431376,20.89478942039551]]],[[[107.10409365469849,20.895643165699596],[107.10815730881279,20.891927586988572],[107.10445592320235,20.89175035759297],[107.10409365469849,20.895643165699596]]],[[[107.00971199671136,20.897595564183973],[107.01415699664813,20.901230971032533],[107.01328881182928,20.896384870765246],[107.00971199671136,20.897595564183973]]],[[[106.96560427391819,20.899736385026188],[106.97086402455517,20.904405128194185],[106.9683007543764,20.8990786901295],[106.96560427391819,20.899736385026188]]],[[[107.00634504378883,20.90477919040734],[107.00968749468217,20.90918441243076],[107.00978172744482,20.904148994080856],[107.00634504378883,20.90477919040734]]],[[[107.01700716674742,20.90114682146867],[107.01721060058878,20.915286791851997],[107.02194666430717,20.90207261865646],[107.01700716674742,20.90114682146867]]],[[[107.10490103005856,20.90732914972051],[107.10884768417333,20.91042799945268],[107.10732082419673,20.90539184186008],[107.10490103005856,20.90732914972051]]],[[[106.94072614379655,20.910058522882593],[106.94730270425646,20.910138366492447],[106.94808335356396,20.908302396938097],[106.94072614379655,20.910058522882593]]],[[[107.12302468863851,20.91111486565859],[107.12814591760008,20.91092071641799],[107.12406270592919,20.908009941006014],[107.12302468863851,20.91111486565859]]],[[[106.944595488591,20.911916723677905],[106.9463863409569,20.91807365147787],[106.9475188680014,20.917691752572352],[106.944595488591,20.911916723677905]]],[[[106.97741520434829,20.929033244089],[106.99265318489665,20.939255330569097],[106.98927535287527,20.916603259033252],[106.97741520434829,20.929033244089]]],[[[107.10394474765206,20.930218809550468],[107.10839312724107,20.929720415165093],[107.10590341620974,20.92810378755979],[107.10394474765206,20.930218809550468]]],[[[107.12745410602224,20.930697934162367],[107.13244575167016,20.92942182855461],[107.1272920823638,20.92848370076223],[107.12745410602224,20.930697934162367]]],[[[107.09523782636467,20.92966693967759],[107.09743498703506,20.941839795070564],[107.10329855958094,20.93425892570889],[107.09523782636467,20.92966693967759]]],[[[107.07528954767457,20.936469595995106],[107.07973813320837,20.935971774477878],[107.0770060548856,20.934124324178242],[107.07528954767457,20.936469595995106]]],[[[107.0807481177315,20.941369374996725],[107.08537064743751,20.94276557966782],[107.08222502756303,20.93816243484855],[107.0807481177315,20.941369374996725]]],[[[107.14718225135988,20.73804198994594],[107.15162500658886,20.735784934427215],[107.14812988678489,20.73474441702126],[107.14718225135988,20.73804198994594]]],[[[107.15514241788833,20.741737139657346],[107.15900834885628,20.74414517515976],[107.15894760774597,20.741884637466114],[107.15514241788833,20.741737139657346]]],[[[107.14186096730987,20.752511812769967],[107.1285362980118,20.740885461894607],[107.1416843692383,20.768146026517968],[107.14186096730987,20.752511812769967]]],[[[107.14324905110288,20.755766050063187],[107.14789079842166,20.755073338264026],[107.14617323090994,20.75313769774658],[107.14324905110288,20.755766050063187]]],[[[107.1522740113366,20.750645465016248],[107.14536538880174,20.762944635586507],[107.15196233869102,20.758249589946672],[107.1522740113366,20.750645465016248]]],[[[107.18317933935509,20.772429697072937],[107.18571713174032,20.778146368959824],[107.18662434983395,20.777405291620937],[107.18317933935509,20.772429697072937]]],[[[107.13126776659419,20.77479556696187],[107.13493565335779,20.777222606937812],[107.13410960087742,20.77496407473234],[107.13126776659419,20.77479556696187]]],[[[107.1677101521019,20.779283273904014],[107.17254060056831,20.778629739271082],[107.16772224078886,20.77644724294595],[107.1677101521019,20.779283273904014]]],[[[107.17218694487167,20.799131200844272],[107.17765815939657,20.797158670136582],[107.17025310929364,20.795085527774916],[107.17218694487167,20.799131200844272]]],[[[107.17081788983381,20.80646855358094],[107.17158229558652,20.81024753449617],[107.17259951515558,20.806999696778632],[107.17081788983381,20.80646855358094]]],[[[107.18273682524438,20.8090304028309],[107.18802721938073,20.810361065810582],[107.18525764922117,20.80610273994955],[107.18273682524438,20.8090304028309]]],[[[107.16471273060807,20.81321105244814],[107.17042100912232,20.821151812506173],[107.17212107942436,20.814654985039567],[107.16471273060807,20.81321105244814]]],[[[107.17477255960603,20.820433884616136],[107.17380329098916,20.825517399608373],[107.17927721157412,20.823072919979325],[107.17477255960603,20.820433884616136]]],[[[107.17676791420791,20.826530028138336],[107.17833718621222,20.830584626978975],[107.17947303535237,20.827306080111555],[107.17676791420791,20.826530028138336]]],[[[107.13588205761096,20.832635063257612],[107.1401706492561,20.83413920815798],[107.13747484418877,20.82925329310507],[107.13588205761096,20.832635063257612]]],[[[107.2199432999434,20.831034471463738],[107.2234431636711,20.834193451666522],[107.22428675922663,20.832360877952226],[107.2199432999434,20.831034471463738]]],[[[107.16669854879905,20.831207113417577],[107.15619742067446,20.835729855248644],[107.16411239087421,20.83623195663955],[107.16591729424778,20.84441993493209],[107.16669854879905,20.831207113417577]]],[[[107.21151159278583,20.834256050776162],[107.20534309790571,20.84299199588395],[107.21362366589955,20.835889334725096],[107.21151159278583,20.834256050776162]]],[[[107.15850474469829,20.839949976110574],[107.16304983018557,20.84263824395987],[107.1608533359128,20.836963045208392],[107.15850474469829,20.839949976110574]]],[[[107.19052433273185,20.840001360674307],[107.19206766199306,20.84430734970448],[107.19408462100853,20.84195478078857],[107.19052433273185,20.840001360674307]]],[[[107.15125211709159,20.840814913477516],[107.15630517924069,20.845606594868514],[107.1566625977008,20.84031120140088],[107.15125211709159,20.840814913477516]]],[[[107.18065004916048,20.841328494714332],[107.17222940006684,20.854827299740123],[107.18565837183644,20.843654517442076],[107.18065004916048,20.841328494714332]]],[[[107.14509346169399,20.859422976589144],[107.15009420668235,20.8605705007281],[107.1480991866282,20.85640889515446],[107.14509346169399,20.859422976589144]]],[[[107.21679812523337,20.859358798269966],[107.21739473907598,20.8672225286968],[107.22090831027037,20.85860080558274],[107.21679812523337,20.859358798269966]]],[[[107.22657736575286,20.8607338571818],[107.22544149233107,20.8669100934261],[107.2299015181406,20.863244834481577],[107.22657736575286,20.8607338571818]]],[[[107.16025116695783,20.864711948897366],[107.16437431392353,20.86754811565305],[107.16645794507815,20.86381238313504],[107.16025116695783,20.864711948897366]]],[[[107.21354244812557,20.8638915414615],[107.21530140783375,20.871077714564933],[107.21460712761689,20.86348634741705],[107.21354244812557,20.8638915414615]]],[[[107.23783849834808,20.866248826422236],[107.24116076935411,20.86930490889449],[107.24233212282928,20.866309728511226],[107.23783849834808,20.866248826422236]]],[[[107.19137401669758,20.867678174708033],[107.19530455586062,20.870491090391567],[107.19429656513444,20.86662732678974],[107.19137401669758,20.867678174708033]]],[[[107.14407708658831,20.874060105689352],[107.14365753216941,20.87046876112447],[107.13680429078545,20.869826694646292],[107.14407708658831,20.874060105689352]]],[[[107.18094676608047,20.875547820875283],[107.18646320391377,20.87586367177107],[107.18710916625508,20.871316005229517],[107.18094676608047,20.875547820875283]]],[[[107.13461415022289,20.872895034878013],[107.14004144815436,20.876095687865757],[107.13630686137259,20.871568341505792],[107.13461415022289,20.872895034878013]]],[[[107.19131250486828,20.887804596504964],[107.20283318900056,20.865420915043217],[107.18080076384422,20.882222030622245],[107.19131250486828,20.887804596504964]]],[[[107.23094581719579,20.874131893172375],[107.2324218250073,20.87972636787765],[107.235244020795,20.874783005031702],[107.23094581719579,20.874131893172375]]],[[[107.212988264297,20.875500083961754],[107.21867269908586,20.879928110993603],[107.21652568101541,20.87305878703347],[107.212988264297,20.875500083961754]]],[[[107.16626090361785,20.878742889972443],[107.1710247339044,20.87911536398292],[107.16746207681348,20.87644287114165],[107.16626090361785,20.878742889972443]]],[[[107.20258754997553,20.881092928196153],[107.20564602734237,20.8845312009542],[107.20648160184453,20.879511499156422],[107.20258754997553,20.881092928196153]]],[[[107.1984730445954,20.89053247679243],[107.20037673669708,20.885043999780805],[107.19610727632983,20.886387581521717],[107.1984730445954,20.89053247679243]]],[[[107.15348398979438,20.892795555070848],[107.16139685288249,20.89469174862535],[107.16097753588463,20.892093967862365],[107.15348398979438,20.892795555070848]]],[[[107.16067351736899,20.90272088596015],[107.16413146369615,20.899488805264184],[107.16060103471006,20.8995565493953],[107.16067351736899,20.90272088596015]]],[[[107.1469454976367,20.911349119266504],[107.15322904368549,20.911860056496437],[107.15324277813176,20.90869609494888],[107.1469454976367,20.911349119266504]]],[[[107.19270489191729,20.935340337986247],[107.19685162720089,20.93985246871648],[107.19869084510646,20.936464338558437],[107.19270489191729,20.935340337986247]]],[[[107.19101867297343,20.952594614749728],[107.20062467079197,20.961358810260947],[107.19131449057136,20.948980523632315],[107.19101867297343,20.952594614749728]]],[[[107.20354469483186,20.956960659606807],[107.21813008143818,20.96150960948097],[107.20469644668373,20.949999017540677],[107.20354469483186,20.956960659606807]]],[[[107.22271598715315,20.973561345979363],[107.23021252258991,20.971824148066048],[107.2246511447346,20.9695563132733],[107.22271598715315,20.973561345979363]]],[[[107.23435578199383,20.98956084185943],[107.23945038292891,20.991650423828048],[107.23890720320492,20.986887409226597],[107.23435578199383,20.98956084185943]]],[[[107.34374652598143,20.692990584248093],[107.34548744618877,20.68666720003131],[107.34135149467579,20.68925122746225],[107.34374652598143,20.692990584248093]]],[[[107.251017026015,20.824479482142465],[107.25604497459597,20.823667477072433],[107.25257419314454,20.822431990244183],[107.251017026015,20.824479482142465]]],[[[107.34969170390906,20.835450240736066],[107.36838052703973,20.824418785998205],[107.38120934793312,20.82935995449833],[107.38110298421543,20.796061763439695],[107.34266986662112,20.805681020862494],[107.33237267056234,20.854419246750865],[107.3483806569418,20.821808538833068],[107.34969170390906,20.835450240736066]]],[[[107.26854064883196,20.82580607928719],[107.27304606432449,20.826630532772924],[107.27055372727278,20.82331652473789],[107.26854064883196,20.82580607928719]]],[[[107.30795225669135,20.830338778411942],[107.31175234379572,20.834657321078566],[107.31067012482646,20.828991469880464],[107.30795225669135,20.830338778411942]]],[[[107.25640086330924,20.837774198620423],[107.26213054029228,20.836646536908177],[107.25597918199372,20.835748864218772],[107.25640086330924,20.837774198620423]]],[[[107.27852391314815,20.85544611784411],[107.28519865529375,20.83887958142759],[107.26740435992332,20.835870424680422],[107.281180451117,20.847878473013168],[107.27852391314815,20.85544611784411]]],[[[107.25061520622683,20.843517333058514],[107.24979833672393,20.85295422146021],[107.25399003631117,20.850398750202203],[107.25061520622683,20.843517333058514]]],[[[107.27006472810478,20.84999528465471],[107.27846418107714,20.848667128984857],[107.26846592955906,20.846720204673773],[107.27006472810478,20.84999528465471]]],[[[107.34086557388719,20.850457232215547],[107.34552167888245,20.852704094818193],[107.34350218917473,20.848072561099855],[107.34086557388719,20.850457232215547]]],[[[107.26430047039048,20.851691956418676],[107.26914061804513,20.854592346459697],[107.26831937963573,20.850551577393446],[107.26430047039048,20.851691956418676]]],[[[107.28180365791252,20.858232020591345],[107.28574468406998,20.857030489465558],[107.28209938377961,20.855669432098637],[107.28180365791252,20.858232020591345]]],[[[107.26361683544866,20.860110590131683],[107.26634026589062,20.86829934094186],[107.27307771236661,20.86273217774783],[107.26361683544866,20.860110590131683]]],[[[107.29844718079283,20.862359767589226],[107.29973208266955,20.86786240352717],[107.30255857361936,20.861191272159544],[107.29844718079283,20.862359767589226]]],[[[107.25532358431605,20.868126148602926],[107.26021072694357,20.86637030954222],[107.25693877390535,20.862723912078934],[107.25532358431605,20.868126148602926]]],[[[107.27853464026151,20.863613487272687],[107.28305901076482,20.868445133636044],[107.28432286041175,20.86640431470738],[107.27853464026151,20.863613487272687]]],[[[107.31663458781605,20.865695800920548],[107.32128099632098,20.867464105484146],[107.32064736098698,20.864426426738248],[107.31663458781605,20.865695800920548]]],[[[107.26135545239225,20.870327638609695],[107.26099896383118,20.87514330042302],[107.26565316136436,20.871114484246107],[107.26135545239225,20.870327638609695]]],[[[107.29629014337547,20.870941537422084],[107.29970941255942,20.874178793716396],[107.29885609982921,20.869586431768482],[107.29629014337547,20.870941537422084]]],[[[107.30185302669588,20.875903525227557],[107.30594009555904,20.873960071400234],[107.30222106974662,20.87307137574345],[107.30185302669588,20.875903525227557]]],[[[107.27693031538183,20.877372775533217],[107.28057894136509,20.87959024739206],[107.28117544818843,20.876490622444294],[107.27693031538183,20.877372775533217]]],[[[107.32191510559772,20.873816384918257],[107.29748910064154,20.89359788973087],[107.28965463505341,20.908340844754207],[107.32191510559772,20.873816384918257]]],[[[107.34661747581589,20.89988312650513],[107.34607484287977,20.888748612158793],[107.33738433781701,20.900537225012954],[107.34661747581589,20.89988312650513]]],[[[107.3217574202688,20.884426522566002],[107.30449306300454,20.90816086523182],[107.31060426927166,20.915768359921913],[107.3217574202688,20.884426522566002]]],[[[107.3224892193021,20.903309306978997],[107.32179270067263,20.909032553809368],[107.3252920293038,20.903408761205412],[107.3224892193021,20.903309306978997]]],[[[107.25604190161255,20.911856969123903],[107.26226554471918,20.91222799972246],[107.26069503434843,20.909859169265303],[107.25604190161255,20.911856969123903]]],[[[107.2989548966512,20.91611712780326],[107.30379434283469,20.91427392050508],[107.30179556271509,20.912409098001547],[107.2989548966512,20.91611712780326]]],[[[107.3045352546983,20.91855081197042],[107.30933480515722,20.918689768018453],[107.3075691401038,20.915958441528915],[107.3045352546983,20.91855081197042]]],[[[107.34120348515279,20.915280009165144],[107.3088134321942,20.925284532555168],[107.34752162272474,20.917112214157385],[107.34120348515279,20.915280009165144]]],[[[107.28296662071301,20.93733477348104],[107.28960780555582,20.938608334007483],[107.28952588810932,20.935931145805796],[107.28296662071301,20.93733477348104]]],[[[107.27105586823382,20.937911738036348],[107.27400210571267,20.941423966542857],[107.27553696695753,20.936782785796993],[107.27105586823382,20.937911738036348]]],[[[107.2895558373321,20.940292024057726],[107.29458782476837,20.94298505021993],[107.2958842766381,20.939362416442407],[107.2895558373321,20.940292024057726]]],[[[107.34643762759453,20.926046676512954],[107.30803205443584,20.938839498444167],[107.34177338283541,20.936524727134497],[107.38696750284805,20.964804883738452],[107.34643762759453,20.926046676512954]]],[[[107.32766569091893,20.95178489485704],[107.33056471129242,20.94807826080313],[107.32411225277832,20.949961649810348],[107.32766569091893,20.95178489485704]]],[[[107.25438321001718,20.952294984026366],[107.26061168877845,20.95074337920363],[107.25446756822373,20.950079427723438],[107.25438321001718,20.952294984026366]]],[[[107.30048015313662,20.953318061779157],[107.30636868366787,20.953336622886866],[107.30143548855699,20.95014553059184],[107.30048015313662,20.953318061779157]]],[[[107.28473532187769,20.954956105839642],[107.28856576469832,20.96040847597044],[107.28985584127412,20.95859929452189],[107.28473532187769,20.954956105839642]]],[[[107.30452298165034,20.95890499566906],[107.30511639930245,20.97246352197402],[107.31441787588432,20.960662888781314],[107.30452298165034,20.95890499566906]]],[[[107.28022236467046,20.979972190164517],[107.28640889275624,20.977964312503047],[107.28005302682578,20.975122230906265],[107.28022236467046,20.979972190164517]]],[[[107.26364781799248,20.979841426041048],[107.26858522462845,20.983484348523916],[107.26896945097945,20.97882292853535],[107.26364781799248,20.979841426041048]]],[[[107.31424694893758,20.98319899813532],[107.32232201375001,20.981324291183114],[107.31388537111303,20.98173000143845],[107.31424694893758,20.98319899813532]]],[[[107.24753543021598,20.983125634140777],[107.25286052199556,20.98614148004532],[107.2542797484117,20.982266787881997],[107.24753543021598,20.983125634140777]]],[[[107.29551971036642,20.98952965516952],[107.28251594795267,20.985084224457466],[107.2800164567941,20.99155197684229],[107.29551971036642,20.98952965516952]]],[[[107.30650470163073,20.99457236792051],[107.31064306692406,20.991131537490503],[107.30275735886511,20.991193153641177],[107.30650470163073,20.99457236792051]]],[[[107.34648288597646,20.994607832685404],[107.35207841828446,20.993933551592193],[107.34658470092324,20.9915860827316],[107.34648288597646,20.994607832685404]]],[[[107.4807255583379,21.59944829570236],[107.54014913937135,21.590081120947048],[107.5745461706693,21.618729254051857],[107.67472614099864,21.60958967342475],[107.78252543839835,21.656888700752972],[107.84053385705192,21.642477127917175],[107.85545125357254,21.65575775471666],[107.95282725917076,21.538140211401696],[108.00303582624247,21.548650987453186],[108.02410776016507,21.549480187560675],[108.03554746394434,21.546506244667512],[108.00129475135174,21.542093849651508],[108.02155053073244,21.528930453977296],[108.00292306025108,21.527927550715958],[108.01142015981259,21.48747143785664],[108.06764923022786,21.491105536191583],[108.00875901731484,21.473155131104477],[107.96667737715927,21.43410614518251],[107.98878623479698,21.48501720148272],[107.96293432775707,21.49412467901078],[107.92839659392774,21.466450196019764],[107.9557465277801,21.49520171428776],[107.92202936056663,21.502592095548835],[107.91582384689309,21.526684539260145],[107.88754373075864,21.529572230873782],[107.87933590622714,21.507518425235162],[107.85600869564485,21.528661627731992],[107.83827633118779,21.503104586807297],[107.8371050019943,21.526566325175793],[107.79803899190603,21.51173539667127],[107.77506837420617,21.52554535543385],[107.74527027800099,21.5033147394837],[107.77286642014923,21.50657971108484],[107.8009683868816,21.48217642480222],[107.74614420858842,21.442330633252197],[107.74611726759787,21.40216604013068],[107.67282373222952,21.41583037617096],[107.65939066224934,21.402533207241788],[107.67045516077712,21.384698097938895],[107.63684364501825,21.382451242530863],[107.62633382584545,21.337317985037032],[107.60982203206117,21.340116343394584],[107.6019362016944,21.296322297835843],[107.52423114185376,21.34154846878687],[107.50997287284986,21.29963451442137],[107.44484099981236,21.324849017068516],[107.44786047717935,21.30942004749727],[107.42764003306115,21.305128270453395],[107.45153747677318,21.285734261926677],[107.41274144136446,21.299058655132853],[107.41941492535858,21.26961962224783],[107.39271401064315,21.309870874940998],[107.36144772263435,21.311122045046375],[107.35557879372641,21.154596671599165],[107.37876202734577,21.169173468780627],[107.38891673302089,21.129427240274993],[107.3653264500557,21.100460471073916],[107.37478618663329,21.086298793754395],[107.34920559336348,21.08071773243745],[107.37066096403231,21.026188038047565],[107.35493216768543,21.00273408061338],[107.21870920076907,20.993585895272872],[107.22450896461709,20.978415026632206],[107.17389624131852,20.950547429520327],[107.18856766696433,20.93634649769274],[107.15329494690434,20.925345671165815],[107.16287155218043,20.94503462674669],[107.14547325888384,20.932277166158315],[107.0620092203493,20.962560452003288],[107.02759309284704,20.947669309391188],[106.90387459913353,20.95582657223855],[106.92640669661182,20.912968204718936],[106.89894352912063,20.90626131181017],[106.88095455031231,20.933990981698514],[106.86993473370109,20.907423909485885],[106.84007854129169,20.90396436956007],[106.86990346337421,20.836922521757003],[106.84178366398498,20.81985420860491],[106.8194664972811,20.853953828706267],[106.77288258566284,20.835820362120046],[106.80081956457133,20.811386739906197],[106.76109541711986,20.811785217813622],[106.75159223969018,20.852286072844038],[106.72138539082317,20.868309982619678],[106.75213499313548,20.881563029909955],[106.76806822516852,20.915250397188117],[106.75014347684004,20.99551208391557],[106.62367606230049,21.01286603613869],[106.57511722777792,21.057845739789116],[106.51459560690182,21.047183205840327],[106.51520079488085,21.061010003508898],[106.43885343074129,21.079413024791336],[106.43928589492816,21.117647246523234],[106.48360519492388,21.130685034786552],[106.49952394517402,21.225476055175875],[106.60783216712088,21.171898849852084],[106.63971558520615,21.181254708438075],[106.78960257609805,21.15017708920135],[106.8312572559177,21.153049600258896],[106.82635066365225,21.18851362320521],[106.93496544110229,21.170876790131786],[106.97690226163013,21.22845586254806],[106.97129675763932,21.285320013507885],[107.02165389091442,21.30281583108581],[107.09619933293294,21.375343521786135],[107.16738938011588,21.364253727127846],[107.2122689226727,21.38876844300927],[107.25271922771026,21.36961879647032],[107.26291080289133,21.40031079091034],[107.23650913398939,21.46072550667685],[107.24430945411808,21.483998720164834],[107.2026600587148,21.5417816095337],[107.21168893999265,21.551052558628726],[107.27658856580973,21.565571281189705],[107.30070875000888,21.596735515032037],[107.38153436921584,21.59723118177368],[107.45969138514937,21.664413157441288],[107.49530357410072,21.6356667967853],[107.4807255583379,21.59944829570236]]],[[[107.45629549114409,20.718553678509522],[107.46754216443941,20.740808281177294],[107.47093324617242,20.741026014239196],[107.45629549114409,20.718553678509522]]],[[[107.38656695290263,20.75339534272092],[107.39741428044476,20.753664517903246],[107.38548753082495,20.74629339922103],[107.38656695290263,20.75339534272092]]],[[[107.40804378139546,20.769884929545924],[107.39850718785647,20.784056413073074],[107.40474366518805,20.809795071185647],[107.4198250126143,20.79846992484721],[107.40804378139546,20.769884929545924]]],[[[107.35498094691326,20.83845645310288],[107.35766002728849,20.848831961226097],[107.36076530357599,20.832731089268407],[107.35498094691326,20.83845645310288]]],[[[107.38369931527126,20.84680265182095],[107.38924474634803,20.847572811436123],[107.38862439220202,20.84476770726394],[107.38369931527126,20.84680265182095]]],[[[107.40890721779391,20.851669642440072],[107.41501158291828,20.856861314398202],[107.41245868012408,20.849900057241882],[107.40890721779391,20.851669642440072]]],[[[107.34772629763057,20.886254257028384],[107.38484837725088,20.89147283940008],[107.39255085293956,20.87779364566029],[107.37088034285358,20.8769377518758],[107.38891655405581,20.865559687629514],[107.32730653227071,20.87983118566075],[107.32932728642521,20.896468759525703],[107.34772629763057,20.886254257028384]]],[[[107.44132075384977,20.906190025249543],[107.42906768972216,20.885326456151063],[107.41382021143369,20.893602184892984],[107.44132075384977,20.906190025249543]]],[[[107.36479536081731,20.89802765605151],[107.37096968510292,20.901680524136907],[107.3747485446097,20.89882853021254],[107.36479536081731,20.89802765605151]]],[[[107.45153843814848,20.969369721935152],[107.40287758183501,20.914128647619066],[107.36685460415674,20.903849883165606],[107.34297075639535,20.90641564716441],[107.40604178799816,20.92258873827967],[107.45153843814848,20.969369721935152]]],[[[107.3890411281456,20.939831791504048],[107.39348048663521,20.943110936420624],[107.39421712581975,20.93768863152519],[107.3890411281456,20.939831791504048]]],[[[107.37975694912399,20.943300998242535],[107.38982283415652,20.943771571201125],[107.37849364806345,20.939567321574657],[107.37975694912399,20.943300998242535]]],[[[107.37444299185063,20.975756645053195],[107.37596889944524,20.980020061976347],[107.37809186424818,20.97812304824015],[107.37444299185063,20.975756645053195]]],[[[107.40127328303566,20.980815007806427],[107.40455649198856,20.97701787407567],[107.3995488006367,20.978363614189504],[107.40127328303566,20.980815007806427]]],[[[107.43625861664191,20.97894611407196],[107.44063843281748,20.982590649938572],[107.44238395305706,20.976998767978785],[107.43625861664191,20.97894611407196]]],[[[107.38009351500375,20.98410951674083],[107.38385572985811,20.981129621235084],[107.37894689738147,20.981568972430182],[107.38009351500375,20.98410951674083]]],[[[107.42139019719991,20.994801417151734],[107.42446895697685,20.997924976656407],[107.42500837663533,20.994520076840104],[107.42139019719991,20.994801417151734]]],[[[107.37707009231099,21.006611495923835],[107.38275947876701,21.005332320929938],[107.38056670139224,21.002822251945418],[107.37707009231099,21.006611495923835]]],[[[107.4409743287024,21.010063311572594],[107.44592562896469,21.01024846669344],[107.44630738487797,21.00498255659977],[107.4409743287024,21.010063311572594]]],[[[107.40147015992,21.01071906123576],[107.40666342277882,21.011911046058003],[107.40455393071937,21.00936817520119],[107.40147015992,21.01071906123576]]],[[[107.4548674082044,21.01106305551565],[107.45628591066628,21.018382534226646],[107.45824135785244,21.015286007443365],[107.4548674082044,21.01106305551565]]],[[[107.44004896858507,21.013173116845905],[107.43816711831789,21.020007173891997],[107.4435585476889,21.02908612492479],[107.44004896858507,21.013173116845905]]],[[[107.44563716961972,21.02300459178855],[107.45099211619328,21.026514700592998],[107.4483561825918,21.01817633856723],[107.44563716961972,21.02300459178855]]],[[[107.45714025222094,21.025191620696773],[107.46139782804738,21.027662703171245],[107.46035334912784,21.02399072898902],[107.45714025222094,21.025191620696773]]],[[[107.42001892982978,21.03141122584742],[107.42474433028667,21.036512792031772],[107.42686696234051,21.03437129040276],[107.42001892982978,21.03141122584742]]],[[[107.36863462778592,21.036601872578387],[107.37421341291872,21.039445197937596],[107.37325265638503,21.03411629662986],[107.36863462778592,21.036601872578387]]],[[[107.4385120164165,21.04720358357855],[107.44435337031183,21.047218338755386],[107.43784255658875,21.044498294260904],[107.4385120164165,21.04720358357855]]],[[[107.37084259920664,21.0450247789704],[107.37703204829046,21.05359031783894],[107.3752485020168,21.043393407879535],[107.37084259920664,21.0450247789704]]],[[[107.42991930183439,21.056462201169722],[107.43570019071132,21.054664873685],[107.42925211009685,21.054195291779365],[107.42991930183439,21.056462201169722]]],[[[107.37725442455212,21.059806703416655],[107.38128234140697,21.062010576626847],[107.3800498763008,21.057152152050207],[107.37725442455212,21.059806703416655]]],[[[107.43893649732155,21.06735805792806],[107.44423423172447,21.066284165781667],[107.43903902902804,21.06518377960782],[107.43893649732155,21.06735805792806]]],[[[107.37008650858559,21.067122603725238],[107.37308520082144,21.078984440279726],[107.3766097023759,21.066216349704803],[107.37008650858559,21.067122603725238]]],[[[107.37612947339653,21.076723282053877],[107.38015861602736,21.07370824104254],[107.37721155027288,21.07353183182863],[107.37612947339653,21.076723282053877]]],[[[107.35351829403407,21.08044128353845],[107.35942116515469,21.07818869765032],[107.35263203284211,21.078337059707565],[107.35351829403407,21.08044128353845]]],[[[107.38767616682168,21.09751936602595],[107.39424848428018,21.095477927464458],[107.3819674422437,21.094813483155747],[107.38767616682168,21.09751936602595]]],[[[107.4289942645737,21.142685684396895],[107.42987327723,21.147647249521015],[107.43130811677622,21.14588576901309],[107.4289942645737,21.142685684396895]]],[[[107.40160809793542,21.156820419826545],[107.39627179880455,21.13494764411854],[107.39647003996043,21.15816198618677],[107.40160809793542,21.156820419826545]]],[[[107.3952896761777,21.16120868513275],[107.40117662120417,21.165333594769606],[107.39898489693553,21.160456279034122],[107.3952896761777,21.16120868513275]]],[[[107.43634440477052,21.182793122005023],[107.42002910475946,21.186393779049695],[107.42882801410161,21.196328354969637],[107.43634440477052,21.182793122005023]]],[[[107.42771838829304,21.23466319375143],[107.38736323872257,21.22027920582076],[107.37483194773625,21.2031811017265],[107.39466037018002,21.2501023850171],[107.43026583130313,21.25551384858528],[107.42771838829304,21.23466319375143]]],[[[107.36745620114283,21.232532412940543],[107.37376361519875,21.24512963772264],[107.37019999403458,21.23084347084955],[107.36745620114283,21.232532412940543]]],[[[107.38148526263484,21.278195933195832],[107.38455176015566,21.273949844409856],[107.38003156790262,21.271859383803587],[107.38148526263484,21.278195933195832]]],[[[107.4009215770692,21.27834841864467],[107.40622784603835,21.274524012972847],[107.39759884830829,21.27663331797328],[107.4009215770692,21.27834841864467]]],[[[107.37201928116497,21.27539884018438],[107.373578985282,21.281438868708847],[107.37611804031536,21.27758720908247],[107.37201928116497,21.27539884018438]]],[[[107.37931614102718,21.28167294155304],[107.37683294288604,21.289945907577646],[107.38211116020193,21.28183998792514],[107.37931614102718,21.28167294155304]]],[[[107.39211964690423,21.29552210266297],[107.37767544126865,21.296567591521182],[107.37540460903551,21.30989838879964],[107.39211964690423,21.29552210266297]]],[[[107.47944430770872,20.757954529577944],[107.47865772287565,20.772252000029823],[107.48764697912486,20.770438557593423],[107.47944430770872,20.757954529577944]]],[[[107.48712939500564,20.778614596486477],[107.4916470466739,20.776087517724818],[107.48674624244518,20.77383716485332],[107.48712939500564,20.778614596486477]]],[[[107.55701951174115,20.937993448638792],[107.4951896066151,20.86948663669898],[107.46929950626725,20.81570544624941],[107.49037032413122,20.871973513966566],[107.47473576234563,20.886404953725673],[107.50785473560762,20.886225840250404],[107.55457014339748,20.969723715776922],[107.55701951174115,20.937993448638792]]],[[[107.46299314172018,20.893687310221253],[107.46690086418357,20.896182616834324],[107.46887539858085,20.889852460722523],[107.46299314172018,20.893687310221253]]],[[[107.50246519121566,20.89534621045931],[107.4806279863925,20.901967962751314],[107.51566018277128,20.9156338114513],[107.50246519121566,20.89534621045931]]],[[[107.51936039566579,20.919761362397026],[107.52702129030035,20.924309495686714],[107.51970253374498,20.918677068691807],[107.51936039566579,20.919761362397026]]],[[[107.44161446073883,20.93302854882853],[107.46892682271476,20.975710078157647],[107.47715642522888,20.977668558757046],[107.47206664376068,20.956462714882434],[107.44161446073883,20.93302854882853]]],[[[107.55350467340202,21.039127532209875],[107.50911661483997,20.919973543943968],[107.43609448587188,20.911995121177938],[107.39236689841368,20.892249171062417],[107.48850169659607,20.956969393822533],[107.47573383175097,20.985869999900615],[107.53510736910988,21.04205389377222],[107.53464080442961,21.0095814161495],[107.54877023206063,21.031656072569717],[107.54953512704452,21.045967951959483],[107.55350467340202,21.039127532209875]]],[[[107.46760462505347,20.981116834674253],[107.47318926027623,20.981924383603484],[107.4691944303787,20.977943975234325],[107.46760462505347,20.981116834674253]]],[[[107.53644019675772,21.02524680219824],[107.54285765006057,21.031029409679547],[107.5378313283532,21.024977581150495],[107.53644019675772,21.02524680219824]]],[[[107.4877344202074,21.028066358475712],[107.48715628383547,21.033313300968132],[107.49015852389681,21.029026198600263],[107.4877344202074,21.028066358475712]]],[[[107.49527991563565,21.03444466249124],[107.50023120240814,21.040287063197468],[107.50195738542504,21.03838258868558],[107.49527991563565,21.03444466249124]]],[[[107.5541014428274,21.029419573754353],[107.55412626321652,21.04389695897754],[107.55568623443224,21.045859411882418],[107.5541014428274,21.029419573754353]]],[[[107.54018001939244,21.036303216720114],[107.54491229066974,21.04436801487202],[107.54447458073736,21.03331865643088],[107.54018001939244,21.036303216720114]]],[[[107.4844562879274,21.038782483025216],[107.48858874287623,21.040299422580347],[107.48737117324112,21.037244260114562],[107.4844562879274,21.038782483025216]]],[[[107.62958533279692,21.12613695905344],[107.57510412175787,20.981458177752756],[107.56198508514365,20.971476702188113],[107.58540616965905,21.071168866749872],[107.62958533279692,21.12613695905344]]],[[[107.5198117842865,21.048941096254623],[107.52595329680724,21.04917204575338],[107.52196197966168,21.04638777887294],[107.5198117842865,21.048941096254623]]],[[[107.46523797275432,21.053725019194303],[107.47026026729753,21.054155560630647],[107.46822183516963,21.051765491784067],[107.46523797275432,21.053725019194303]]],[[[107.5347434908195,21.05642917626551],[107.53931891583534,21.0574183864494],[107.53799414791166,21.05404131525455],[107.5347434908195,21.05642917626551]]],[[[107.52505163922183,21.074395546117614],[107.5152974529152,21.046808674181023],[107.49140792773375,21.042156071145826],[107.51552471789148,21.060279247689152],[107.52505163922183,21.074395546117614]]],[[[107.4984494835569,21.05952769414779],[107.5039299772867,21.06207704012337],[107.50364903537474,21.058995783828436],[107.4984494835569,21.05952769414779]]],[[[107.55845452395715,21.05157959202461],[107.5463817900876,21.060263049999833],[107.55574391425029,21.071384435143614],[107.55845452395715,21.05157959202461]]],[[[107.51370017872034,21.06811626825123],[107.50527765903678,21.06600691648606],[107.50416389814546,21.067234232074213],[107.51370017872034,21.06811626825123]]],[[[107.48880068610282,21.06811320156305],[107.49112054217932,21.064494311663225],[107.48635687377077,21.063939659287882],[107.48880068610282,21.06811320156305]]],[[[107.56960982703197,21.06428240800676],[107.5723237228616,21.06869595775231],[107.57384160760415,21.063583088888493],[107.56960982703197,21.06428240800676]]],[[[107.51198137464081,21.07616764492093],[107.50030585962776,21.068578331824597],[107.49487213334231,21.072870289632192],[107.51198137464081,21.07616764492093]]],[[[107.57021910512765,21.080008574735984],[107.57491430904821,21.08413739192713],[107.5726432825615,21.07693881807205],[107.57021910512765,21.080008574735984]]],[[[107.57901940572106,21.089310262658557],[107.58352452623598,21.090855987713724],[107.58040119515908,21.084824246441883],[107.57901940572106,21.089310262658557]]],[[[107.48783504714976,21.087299698722177],[107.49404577868978,21.090741486930142],[107.49052778642829,21.086093104413294],[107.48783504714976,21.087299698722177]]],[[[107.57071524131538,21.092061252824635],[107.5408300520653,21.088650152182822],[107.56044740542347,21.081741806639116],[107.53751960804351,21.065677009186686],[107.52327660323272,21.079328236708818],[107.55252002907616,21.11960180158195],[107.56256571713419,21.11313520842316],[107.57816530698341,21.121650440115786],[107.57071524131538,21.092061252824635]]],[[[107.58291356640802,21.101553623101267],[107.58677416529554,21.099039901070626],[107.58188496411987,21.093681317638755],[107.58291356640802,21.101553623101267]]],[[[107.59523205261718,21.113038623034072],[107.59945830415745,21.11211474320089],[107.59583279434804,21.109810261034795],[107.59523205261718,21.113038623034072]]],[[[107.60103805596157,21.121569921114997],[107.60932937175318,21.125642692556255],[107.6052254468969,21.11911803646825],[107.60103805596157,21.121569921114997]]],[[[107.57574346958552,21.128692292715186],[107.55777823557719,21.133589950216106],[107.58016969617461,21.13916425942307],[107.57574346958552,21.128692292715186]]],[[[107.50834214837153,21.124257503680894],[107.52398885370269,21.14386970572241],[107.53607747589484,21.14566790824739],[107.50834214837153,21.124257503680894]]],[[[107.51769730908359,21.14863822777204],[107.52278720656437,21.14611755128402],[107.51750166427047,21.147137531771705],[107.51769730908359,21.14863822777204]]],[[[107.57871734682817,21.149475367993887],[107.58776907808056,21.15218296317329],[107.5800027487279,21.142900877773343],[107.57871734682817,21.149475367993887]]],[[[107.45708100038792,21.276264265883242],[107.52597070588342,21.22305661896786],[107.53284320355107,21.190208901020014],[107.60809350091438,21.214266416861676],[107.54126004131791,21.145678711803157],[107.53497130887888,21.159870816784803],[107.51189857406001,21.149020134771433],[107.46983611914163,21.09079633478308],[107.38043696699248,21.042351599946414],[107.38970280524035,21.063688821282142],[107.38012705791743,21.083627849545678],[107.39692712218903,21.095905559593973],[107.39820244088997,21.116840303737092],[107.44215398112141,21.149653850145114],[107.41804974909672,21.17050409308945],[107.4791797577397,21.182008528271012],[107.44969351044722,21.236192230986717],[107.45708100038792,21.276264265883242]]],[[[107.56720996007164,21.209441661103824],[107.58650007801623,21.217378840061485],[107.56524915382545,21.20691641875777],[107.56720996007164,21.209441661103824]]],[[[107.57952752807302,21.22804952726392],[107.5982628218718,21.232905863614747],[107.57758948726507,21.22472061026798],[107.57952752807302,21.22804952726392]]],[[[107.6376614992788,21.253423401468865],[107.58958420134985,21.239124648583697],[107.6410610436323,21.26130266948269],[107.6376614992788,21.253423401468865]]],[[[107.54116786980143,21.25813297026042],[107.54124918740013,21.26795302111509],[107.54690872265951,21.260305177442035],[107.54116786980143,21.25813297026042]]],[[[107.57500994115594,21.261146485122254],[107.55548573507866,21.255805376417015],[107.5450080253002,21.268942754704426],[107.56859968962402,21.278024097034518],[107.57500994115594,21.261146485122254]]],[[[107.54069714305876,21.2805210871785],[107.54446909577223,21.276011850466602],[107.53913315367214,21.279143096476787],[107.54069714305876,21.2805210871785]]],[[[107.55010240410274,21.27975482972164],[107.55458637166379,21.283593517526867],[107.55668098174198,21.281437419001747],[107.55010240410274,21.27975482972164]]],[[[107.48291197121057,21.292103105074318],[107.48838023775784,21.293692901406303],[107.48707787824156,21.289507132847973],[107.48291197121057,21.292103105074318]]],[[[107.783851351159,20.97484220450417],[107.78655195860608,20.978388550591205],[107.78902575343585,20.97429350024487],[107.783851351159,20.97484220450417]]],[[[107.8022025049417,20.9820931072112],[107.81020912595045,20.984111328874803],[107.80496462062081,20.978492148893622],[107.8022025049417,20.9820931072112]]],[[[107.74606810525893,21.024791843268986],[107.78434064170733,20.989472206477217],[107.7603153476752,20.999015275134866],[107.77761529201217,20.97148563515401],[107.73730671563249,20.945088533908745],[107.76106883475899,20.972744137432073],[107.72996732773004,21.007232406750234],[107.74606810525893,21.024791843268986]]],[[[107.85849358900799,21.03166016358574],[107.8202194616589,20.984664405637886],[107.80392636860711,20.993365662095698],[107.83378442800898,21.04308064255764],[107.85849358900799,21.03166016358574]]],[[[107.81732159421625,21.03837530417701],[107.8232050004105,21.037904425448914],[107.82026425239337,21.032596015193974],[107.81732159421625,21.03837530417701]]],[[[107.77707355929738,21.051912604683025],[107.77255378163176,21.034730709854443],[107.76053839213313,21.034131471790033],[107.77707355929738,21.051912604683025]]],[[[107.86135497005586,21.06125411458578],[107.8644168117865,21.056084411266625],[107.86089357917541,21.054081872880204],[107.86135497005586,21.06125411458578]]],[[[107.76814941036707,21.07083977423622],[107.77420270029444,21.07118118566325],[107.77029004504959,21.06740669506297],[107.76814941036707,21.07083977423622]]],[[[107.80049181544501,21.106162278966053],[107.81986556944054,21.111136511940515],[107.80094089640528,21.103641847992947],[107.80049181544501,21.106162278966053]]],[[[107.7910266820358,21.13167775412512],[107.79620397923031,21.132231456816328],[107.79183013095582,21.1305121518144],[107.7910266820358,21.13167775412512]]],[[[107.64217434317146,21.13982388786218],[107.6485656127129,21.140174495756412],[107.64110021989927,21.133695600771432],[107.64217434317146,21.13982388786218]]],[[[107.84377703718059,21.138378797843302],[107.85029890357163,21.13603065718911],[107.84708476075315,21.13451603428763],[107.84377703718059,21.138378797843302]]],[[[107.86346627424922,21.145407700205226],[107.8698982650929,21.14389917380788],[107.86757884338897,21.139696675161474],[107.86346627424922,21.145407700205226]]],[[[107.85015119801943,21.15388525839802],[107.85863133456849,21.161536688567367],[107.86238435475423,21.15969061153254],[107.85015119801943,21.15388525839802]]],[[[107.8593477821745,21.163821654545757],[107.86622312169976,21.168026878137994],[107.86586967734377,21.162397369443113],[107.8593477821745,21.163821654545757]]],[[[107.65603198758623,21.139189855927157],[107.66028692300313,21.19104791093241],[107.68005872323153,21.21600198520349],[107.65603198758623,21.139189855927157]]],[[[107.61459227811122,21.175273674540506],[107.62545441209153,21.193125017505622],[107.61588987301928,21.172844155133703],[107.61459227811122,21.175273674540506]]],[[[108.00869685977233,21.198028016080116],[108.01973179398715,21.199540615507033],[108.01787475331724,21.195910504766005],[108.00869685977233,21.198028016080116]]],[[[108.00887067534143,21.212032335424],[108.01403876977349,21.213161463930476],[108.0119012422486,21.209589605875635],[108.00887067534143,21.212032335424]]],[[[107.67990053068502,21.220739084041554],[107.69115809297165,21.235108226863247],[107.69484316308154,21.235184037913086],[107.67990053068502,21.220739084041554]]],[[[107.62792943719381,21.23921923388059],[107.63193611565924,21.23409062328369],[107.62660576824169,21.23470795840558],[107.62792943719381,21.23921923388059]]],[[[107.95083334168544,21.232712341201648],[107.95636506979218,21.246362154989527],[107.9753461537021,21.245645004113726],[107.97590158489027,21.23051008317384],[107.95083334168544,21.232712341201648]]],[[[107.6721094618822,21.260701472694848],[107.67821456624927,21.260833841208864],[107.67250823117001,21.257801842581046],[107.6721094618822,21.260701472694848]]],[[[107.68470017017677,21.269235200743992],[107.69061192300188,21.267268953599398],[107.68286524563462,21.267196291076004],[107.68470017017677,21.269235200743992]]],[[[107.6388268803563,21.26970478714628],[107.64707326601848,21.273744172155887],[107.64656103196609,21.268146095665827],[107.6388268803563,21.26970478714628]]],[[[107.65009468142449,21.278462395123483],[107.66690935068607,21.282514348158713],[107.64948176557107,21.270703882678106],[107.65009468142449,21.278462395123483]]],[[[107.69869511228967,21.30165854840334],[107.67078720396637,21.275450038588474],[107.65074236956474,21.266876166601833],[107.69869511228967,21.30165854840334]]],[[[107.7932098168796,21.296922501772087],[107.74870897074248,21.28760877822259],[107.76375611065606,21.297394001032387],[107.7932098168796,21.296922501772087]]],[[[107.65282413822348,21.30840610865505],[107.65625969233099,21.310220936047415],[107.65562442202952,21.306471751470212],[107.65282413822348,21.30840610865505]]],[[[107.81745273965225,21.357558618935172],[107.74493076864013,21.304024133207236],[107.70240187584596,21.30348012700631],[107.81745273965225,21.357558618935172]]],[[[107.8525669982684,21.361370097751887],[107.85769885002196,21.362500469121414],[107.85556796219174,21.3595563144724],[107.8525669982684,21.361370097751887]]],[[[107.86743159739035,21.364322019845417],[107.87174266309347,21.367954773693896],[107.87165646037738,21.365190808109332],[107.86743159739035,21.364322019845417]]],[[[107.7409765746093,21.370000571269372],[107.75938009861272,21.365112275711],[107.74265764583373,21.36352258280101],[107.7409765746093,21.370000571269372]]],[[[107.99194055561219,21.392096913941486],[107.9445573787201,21.35789180696139],[107.84394133792244,21.34004746341975],[107.87971910285438,21.370452196411804],[107.82699717527947,21.365491244625275],[107.99194055561219,21.392096913941486]]],[[[107.7603684472461,21.384862075824174],[107.76452583410003,21.386578906791158],[107.76504096756668,21.384653033810537],[107.7603684472461,21.384862075824174]]],[[[107.94681263109811,21.455374902929464],[107.95503014582465,21.45830004321249],[107.94949488787881,21.453345442438263],[107.94681263109811,21.455374902929464]]],[[[108.09019324821986,21.47378634366487],[108.09171303322995,21.47951469055056],[108.09523396627458,21.473967564251723],[108.09019324821986,21.47378634366487]]],[[[108.05247736783633,21.503883343941197],[108.05764561425377,21.50141953068686],[108.05573677263402,21.500300681431327],[108.05247736783633,21.503883343941197]]],[[[107.86433962927055,21.50416062291447],[107.86931493423691,21.507113430840207],[107.87001603041551,21.503344625753925],[107.86433962927055,21.50416062291447]]],[[[108.03695224095321,21.504153779073704],[108.04271946373234,21.510213610669666],[108.04369829304187,21.508787345259805],[108.03695224095321,21.504153779073704]]],[[[107.85429262190706,21.510955192528172],[107.86119279621062,21.508747275066753],[107.85691523744833,21.507023830485423],[107.85429262190706,21.510955192528172]]],[[[108.06562093975464,21.511328510102715],[108.06763505781174,21.515402393106],[108.07100659907536,21.51224361255271],[108.06562093975464,21.511328510102715]]]]}},{"type":"Feature","properties":{"name":"Quảng Trị","type":"Tỉnh","region":"TRUNG","lon":106.6916,"lat":17.147},"geometry":{"type":"MultiPolygon","coordinates":[[[[106.75107633460522,17.34742588269836],[107.11299170530305,17.08477852121183],[107.1057914344272,17.012285716112956],[107.18793223478485,16.90529020757708],[107.38619085192636,16.74369454726559],[107.30450733344674,16.641661062508092],[107.32402091583265,16.604095225914023],[107.28471498910551,16.576476217603386],[107.17088765024494,16.57980454104677],[107.05889311982168,16.54613490839938],[107.05812937327204,16.518539643090094],[107.1189983402013,16.487236631265546],[107.13378094093775,16.4546021308837],[107.05521045629757,16.430603249040757],[107.03417264804932,16.3759588497212],[106.98623345271176,16.347591458878753],[107.01211455084592,16.31722074903837],[107.0169863420461,16.303680335079434],[106.96540409022663,16.30315481084591],[106.9622643159455,16.35770999292191],[106.89615053791704,16.392797097408163],[106.89789880468612,16.427204902584265],[106.87001866383031,16.430088723515837],[106.88653433189398,16.4513557446719],[106.87281397438545,16.53334370165055],[106.82916669099006,16.55010415528261],[106.80060227217717,16.465129478742483],[106.77119234315217,16.47030009757151],[106.76988679463994,16.43423935376319],[106.73902547944238,16.411272748838314],[106.73224467934853,16.44056080713557],[106.72337367405589,16.426610810440593],[106.67349301958723,16.45400185680029],[106.64547418438616,16.528287240064117],[106.67041129564484,16.56219792699278],[106.66479266874671,16.58433717362169],[106.5823373736709,16.603293075615],[106.58853401013653,16.62428408224463],[106.5637274129898,16.643278218914702],[106.54978415041825,16.695625634615396],[106.5479195068798,16.869114557390958],[106.51361524784545,16.897566246185363],[106.51857884094079,16.924894214996073],[106.54579710235447,16.92694496873537],[106.5484154326262,17.008981961248537],[106.51460155321917,16.972668480965694],[106.43705869240478,16.996493285536758],[106.40045557826238,17.053222148783163],[106.4147888417317,17.07935607872008],[106.30168087327377,17.20912952520746],[106.33294065198953,17.23315533275246],[106.3072478458115,17.240695076116936],[106.30244643195732,17.29583988520261],[106.2755196812883,17.29695796194045],[106.27411082855195,17.26362629811524],[106.2322802656218,17.251715082485134],[106.0878057347469,17.363614908001637],[105.85207018079427,17.634280082559826],[105.83415690871442,17.630522466838443],[105.82688795031873,17.655615429708348],[105.81534359962745,17.645097426704922],[105.78834876758162,17.67166668966604],[105.74883470265945,17.670252901450283],[105.72803287471743,17.745754171717692],[105.6743824519886,17.794841897535605],[105.68139144605846,17.834171774108142],[105.6071710657921,17.892077862503413],[105.64173520371673,17.991198917995746],[105.70414262018585,17.993430672887314],[105.73239808140642,18.036775016953527],[105.77588445000742,18.018059806814676],[105.82749241973943,18.033511230658803],[105.81802638880686,18.06162086860826],[105.93052957218208,18.090142637073086],[105.95072366616432,18.058707964501025],[105.98359688438876,18.065156420132723],[106.01857933566788,18.02651065514266],[106.05655318388239,18.016425380726787],[106.07581419077235,17.990057182792782],[106.04391420537632,17.94730864767598],[106.12996917363853,17.922174396031608],[106.22288596911227,17.930903784182362],[106.27797383222662,17.916493009045155],[106.28387591194382,17.942461032950348],[106.3439035496092,17.990501752753744],[106.43548598319165,17.972672400011277],[106.44826328282431,17.95109660562389],[106.50845944085057,17.96102258762238],[106.51385939939183,17.942342856637595],[106.44674237725894,17.87742298348394],[106.44149155059466,17.83496932167691],[106.51580589742429,17.635820216529794],[106.5447585553631,17.619831908216042],[106.62864885456105,17.483125980179864],[106.75107633460522,17.34742588269836]]],[[[107.34573650713418,17.1543625069242],[107.3296907627186,17.16377625666894],[107.3392861089668,17.167877084260056],[107.34573650713418,17.1543625069242]]],[[[106.47267976126204,17.87820645216607],[106.46447076491393,17.87825845096677],[106.47049926862638,17.88556057456094],[106.47267976126204,17.87820645216607]]],[[[106.4961233324259,17.90927797040206],[106.48902778490441,17.913738238129213],[106.4930863749363,17.916076275799526],[106.4961233324259,17.90927797040206]]],[[[106.53221044435656,17.932073066518853],[106.523631154854,17.939164066168757],[106.53378358164701,17.9367582088243],[106.53221044435656,17.932073066518853]]],[[[106.52077834524448,17.940574476530912],[106.52010948436526,17.94557435547216],[106.52276835337688,17.943227749960727],[106.52077834524448,17.940574476530912]]]]}},{"type":"Feature","properties":{"name":"Sơn La","type":"Tỉnh","region":"BAC","lon":104.1361,"lat":21.2999},"geometry":{"type":"Polygon","coordinates":[[[103.92011913389098,21.701721143116288],[103.93560033968402,21.6706248548532],[104.02464013713268,21.67279818169078],[104.09117108457798,21.643023631535414],[104.19213530420097,21.648285679940216],[104.21522503440787,21.67336003853501],[104.33660398228801,21.654630220708157],[104.285734236346,21.600706538076338],[104.28073858961426,21.47140076153596],[104.32851902493309,21.41053783265488],[104.34519799099456,21.420457202837667],[104.3916767403893,21.399897702616954],[104.4267143830624,21.35568312867349],[104.47439480387715,21.35364645292151],[104.52814088479408,21.41453272460558],[104.57715526999976,21.40931127069865],[104.5872800417406,21.42381650522759],[104.67349988091485,21.376501617455745],[104.68814535302567,21.401086426497443],[104.73166472494717,21.4072862105902],[104.76764403694278,21.33088086176241],[104.81166618294804,21.334421545717817],[104.84009271410753,21.312894528759557],[104.84273718227519,21.22701592474516],[104.86233007587236,21.208413092090552],[104.85058032542173,21.154335126265096],[104.91148169492436,21.11472787179389],[104.85210972688247,21.071191158245426],[104.89890017140584,20.98160174192691],[104.97540528022955,20.906965617669186],[105.00443978187047,20.845272591157197],[104.99594321830494,20.81595229396322],[105.02267134200889,20.804400235182754],[104.98973555435242,20.753374411000323],[105.01239473772705,20.741823329782903],[104.98101915421068,20.723364157529886],[104.87953961226333,20.767979534128244],[104.8433250403184,20.75483813946863],[104.84521873555627,20.651771295908645],[104.80813917768097,20.63771884215089],[104.80039257855469,20.58625763368292],[104.73861784593691,20.57470827017056],[104.72038255091405,20.604608484394078],[104.68198759605076,20.59812512697306],[104.63492264066741,20.672353440159213],[104.59018415857213,20.67616099703241],[104.56453932313133,20.71743522945235],[104.5193035222398,20.701767784855463],[104.49447024310729,20.71453525939478],[104.4820606933464,20.7687063419242],[104.32641836691414,20.857544170527092],[104.32958977574759,20.8843266330677],[104.28917592113191,20.92452735195576],[104.25959408489916,20.918037795507928],[104.2542654363009,20.89942204319277],[104.23943897023236,20.93373208756583],[104.18728030604137,20.9574683026201],[104.12967934592513,20.94964705976406],[104.10209661986318,20.97932135439703],[104.0491592668867,20.951701118511835],[104.04660219213753,20.91580343258238],[104.02774129902178,20.903206718615195],[103.89450384207873,20.90781003520499],[103.84809467233134,20.862399793715554],[103.80820949497229,20.86666993756762],[103.77342402939553,20.806250367260702],[103.79050847278785,20.750110673269035],[103.73045630791233,20.73462050842977],[103.74458029374563,20.679803679396343],[103.72844014299824,20.667827726968085],[103.68184756731142,20.66267885554481],[103.66587263101718,20.700860949873004],[103.5969222959273,20.746164515580006],[103.5053387750645,20.75594165618253],[103.46183888695515,20.829272198653086],[103.43587187208931,20.795511908947503],[103.39765890403527,20.783901389737423],[103.28734244559746,20.839817794655573],[103.26043709699451,20.824126520722416],[103.23391116606751,20.83534271959087],[103.2326783574203,20.873727208144203],[103.21230818157738,20.893180938849298],[103.28091499633007,20.904274579008643],[103.27269685117881,20.93479872488132],[103.29593836176605,20.950459195235737],[103.27264065704077,21.053661802250417],[103.3018783002434,21.063381846694938],[103.28615715173123,21.094478601706157],[103.37910790920273,21.062420703452744],[103.42224291807628,21.070713544494538],[103.3955160983893,21.15150500385289],[103.43282735939516,21.17372219922015],[103.43726814960547,21.28693564286567],[103.42599140477955,21.313686373727194],[103.3679071418012,21.334656664473528],[103.38526308961997,21.367913577549587],[103.33505437326079,21.421559718606204],[103.44770151471317,21.43787391694775],[103.44977806640469,21.502644888450902],[103.51482803728413,21.534442827774342],[103.5570931877005,21.62485044549169],[103.54068310813898,21.64847911691777],[103.57128241305298,21.682207043620224],[103.59596975200253,21.68193858879488],[103.53912801664472,21.778182995448958],[103.53855853804617,21.828602754813346],[103.47772915567606,21.91450461889309],[103.51123592559753,22.01242704087531],[103.5439205110228,22.030961758878107],[103.64966848361371,21.993967607818888],[103.70263477497497,21.886366275483283],[103.7208881014048,21.880611609937887],[103.69483063542555,21.82579590505702],[103.75645316767958,21.809773317284794],[103.75262820083088,21.780729614680013],[103.77671887107908,21.780259801648583],[103.80327743570513,21.740636500574112],[103.8310703711008,21.744289874078504],[103.85135929589484,21.69250381519896],[103.8774269583875,21.687298523008508],[103.880083017917,21.70959919614603],[103.92011913389098,21.701721143116288]]]}},{"type":"Feature","properties":{"name":"Thanh Hóa","type":"Tỉnh","region":"TRUNG","lon":105.5016,"lat":19.9826},"geometry":{"type":"MultiPolygon","coordinates":[[[[105.82537016000492,19.309803069156374],[105.81297102799061,19.334242728519143],[105.82163320800623,19.34325400107133],[105.82537016000492,19.309803069156374]]],[[[105.9035743381852,19.342812029251775],[105.896150342964,19.346307001566913],[105.89691150576147,19.34996828281004],[105.9035743381852,19.342812029251775]]],[[[105.93387781381011,19.347852830044133],[105.92817411824103,19.356438882448515],[105.93086652117307,19.358118834916354],[105.93387781381011,19.347852830044133]]],[[[105.8773348269408,19.35250272701927],[105.87486070295915,19.354034705037634],[105.8759780944136,19.355601561462947],[105.8773348269408,19.35250272701927]]],[[[105.8719318979388,19.35681900519296],[105.8703281881954,19.359436624100965],[105.8729746492607,19.359462377087084],[105.8719318979388,19.35681900519296]]],[[[105.90868274821031,19.368329035056945],[105.90501986797261,19.3713586459848],[105.90662114235192,19.37252321497442],[105.90868274821031,19.368329035056945]]],[[[105.93599003980853,19.377193317017998],[105.92523594228498,19.359719947417716],[105.91175378191156,19.371540427748585],[105.91345935066857,19.38414870609796],[105.93599003980853,19.377193317017998]]],[[[106.00883597540002,19.911999739396492],[106.00791094533395,19.91648585723658],[106.01093144882736,19.913516906480083],[106.00883597540002,19.911999739396492]]],[[[104.89609874995739,20.67036464521226],[104.98131944503643,20.57418399959198],[105.04373631068228,20.558917303690635],[105.1032518357037,20.57365842319774],[105.16763101485952,20.51654193326368],[105.22780504326818,20.505356842844094],[105.26462340204841,20.455733789282988],[105.25677717692525,20.43539460947369],[105.34490239532931,20.391637392951395],[105.50199925466194,20.361694585936448],[105.53659958310436,20.370099063421094],[105.56238391418634,20.317235257001585],[105.59612948558737,20.313973077795367],[105.74012889833006,20.185571664001145],[105.91992016928043,20.10496162397982],[105.95897640193948,20.067258391661483],[106.0733136896751,20.063435004022267],[106.02318011437086,19.97091052969722],[105.99790321136419,19.971311379116912],[105.94596906921726,19.891892833787324],[105.90819188834502,19.887582824787557],[105.96348455586764,19.890518734452087],[105.93060416105322,19.83058200115846],[105.93062243977386,19.778247656204428],[105.89498568494145,19.7223627284572],[105.87609703515011,19.730981154656604],[105.8474156370221,19.695601835256525],[105.81715054266346,19.58730209391655],[105.81061992676825,19.621526297100957],[105.79564410309297,19.615977983697064],[105.7887354670682,19.599029337034324],[105.77531638334449,19.607488349407845],[105.78740741931699,19.58901421873128],[105.8064180666405,19.613058651235804],[105.8132475371442,19.570021127972723],[105.81093355184203,19.4290177562645],[105.78781245508083,19.40296773397381],[105.78600941510251,19.417964115251777],[105.77213306029256,19.414934604148698],[105.81570326819133,19.318795289571028],[105.79331564140381,19.324427543896093],[105.80221360927072,19.292512586586668],[105.7467882162033,19.302133319796894],[105.74019586814484,19.324163033497257],[105.71066774931722,19.303467342643785],[105.66265920635738,19.315949584605676],[105.66588424266371,19.34075010593267],[105.62356395031611,19.382738426137507],[105.5882735450881,19.371634679397005],[105.52186183065902,19.464965699907168],[105.47815349318921,19.446184985848447],[105.39326465513977,19.451370106245463],[105.34905570375776,19.539770409277025],[105.291419039657,19.475954052837324],[105.26627165701143,19.53003019573697],[105.2816596993357,19.60307197219379],[105.24433645306493,19.657841621893397],[105.23281979339879,19.646403581859886],[105.16285747369352,19.686106837160878],[105.16031971458324,19.72344614082681],[105.1320047434242,19.744248602790833],[105.12870841516127,19.825277618067673],[105.14777010980276,19.85643600451806],[105.18580744835509,19.86324390478245],[105.1675816061063,19.91887071361259],[105.09178204510533,19.940338725152117],[105.04464825381393,19.932584014141014],[104.95764767180265,19.993797816216272],[104.91220663392909,19.998604011765792],[104.99048411764795,20.095614700158308],[104.93376905629697,20.126664238963485],[104.92610351936202,20.15942741884038],[104.86093231267614,20.143420771551405],[104.76993463177791,20.200713578968532],[104.71837140961293,20.20163383363456],[104.61142977496422,20.24464224674233],[104.61438395975199,20.36165015852805],[104.71649914791738,20.40770155008653],[104.66305119855406,20.452852340762945],[104.66690819925407,20.470433908698],[104.624686925861,20.462873953070527],[104.5971806268845,20.41778804847968],[104.52673124694957,20.414797228909038],[104.5183956359499,20.388989171912783],[104.46792885733095,20.367117107568504],[104.41568261356184,20.379604302096936],[104.41248715325958,20.427261818078478],[104.37480422313644,20.44359246322165],[104.38547476914533,20.490666030512955],[104.47243379798147,20.518036344801544],[104.52460716878585,20.553654686914342],[104.54061667681822,20.60005876919689],[104.60008158799496,20.60676992039555],[104.63574883524063,20.654225837152694],[104.68279340659052,20.616724507130357],[104.68198759605076,20.59812512697306],[104.72038255091405,20.604608484394078],[104.73861784593691,20.57470827017056],[104.80039257855469,20.58625763368292],[104.80813917768097,20.63771884215089],[104.85142450913384,20.663079819178336],[104.89609874995739,20.67036464521226]]]]}},{"type":"Feature","properties":{"name":"Thái Nguyên","type":"Tỉnh","region":"BAC","lon":105.7943,"lat":22.033},"geometry":{"type":"Polygon","coordinates":[[[106.10133012008902,21.93755072298751],[106.13031091601601,21.91945269508585],[106.1119486663979,21.891214998173666],[106.11579681417169,21.84391139779285],[106.093016186348,21.823105299869724],[106.10471125442092,21.789907492936493],[106.23103690702771,21.73001102498887],[106.23086200957414,21.7005780940039],[106.18987145570316,21.64793662697383],[106.18304070096764,21.605302992838915],[106.15752967835203,21.62699343549872],[106.05409076727517,21.602313374762502],[106.02906108340233,21.563494625176872],[106.05364712091796,21.55190826805216],[106.03312335435936,21.40993265726638],[106.02285178538165,21.39581914763562],[105.99232800643239,21.406241169594352],[105.95866242343214,21.43764856482943],[105.93791562320752,21.373005924783627],[105.90786014013344,21.37656036656773],[105.90434272883391,21.34846760619513],[105.87970379769217,21.340656731622914],[105.8950247523905,21.327552114738353],[105.86311577287466,21.33097892473762],[105.85462507468753,21.377445094415634],[105.798327181854,21.38597431955924],[105.7743080211983,21.361539428401954],[105.75102197618332,21.414234543589373],[105.72770723739916,21.41025975778166],[105.72244125266172,21.43407378667598],[105.65030519602806,21.458331890904105],[105.60155719360966,21.53024579520735],[105.49762017593042,21.616207923756747],[105.47567650037024,21.69814250777057],[105.5236767147087,21.76917380212933],[105.49329513206476,21.779331589781066],[105.49221790972882,21.82816258253723],[105.52607456808693,21.836659025593633],[105.51719592755006,21.880505044772065],[105.55091268197475,21.909564231903857],[105.55377108626669,21.958964589943946],[105.5033555941854,21.99334245039381],[105.46136230432694,22.075717821820092],[105.46273253298006,22.11877492692139],[105.49104263071291,22.15824405451957],[105.4682021691948,22.16170449017011],[105.42987209232325,22.217308480502027],[105.43453393229521,22.26101205156499],[105.48959639585706,22.2950203670963],[105.47726163461681,22.310634422540602],[105.51285469229026,22.35032990140388],[105.51752705343085,22.402109079570437],[105.56030064995508,22.40457736605265],[105.56940973277301,22.41976299166879],[105.55082356365659,22.413798472921258],[105.54724059267926,22.438611662997914],[105.59571933717774,22.489820653900097],[105.58886570368935,22.544832042265],[105.52749571905224,22.620846563717976],[105.54314909105778,22.655372878855303],[105.59899521215937,22.668439582121096],[105.59930371199675,22.68833373961047],[105.6645167065808,22.725445116399044],[105.73793022320132,22.741653589541556],[105.77450818240675,22.691836573798867],[105.7258334000914,22.636921129606492],[105.80253567717983,22.52458322183827],[105.86302186566661,22.52154401874151],[105.90419533624583,22.496610483187283],[105.93118333704143,22.52911771151321],[105.95495322091449,22.524866435437673],[106.04591540107498,22.5786621481397],[106.08043410794778,22.57418408103058],[106.0718753337797,22.555697388623628],[106.11762223467844,22.511454618236087],[106.11736990559672,22.47265753062061],[106.09222002463451,22.444958415198755],[106.10138442655011,22.40599279103452],[106.17505922320464,22.40273643853584],[106.21812753026137,22.352884192751333],[106.1994792152936,22.310250928237792],[106.24369712482252,22.266980112742033],[106.21989912184705,22.20932084328234],[106.2301930533668,22.1764048784824],[106.15514573478788,22.082851419657345],[106.0983060525823,22.07192847891622],[106.11247740031183,21.994095264784676],[106.10133012008902,21.93755072298751]]]}},{"type":"Feature","properties":{"name":"Tuyên Quang","type":"Tỉnh","region":"BAC","lon":105.0051,"lat":22.4497},"geometry":{"type":"Polygon","coordinates":[[[105.49256048397922,22.644033055581076],[105.5297843578619,22.634619763591274],[105.54822152640236,22.58149190272917],[105.58886570368935,22.544832042265],[105.59571933717774,22.489820653900097],[105.54724059267926,22.438611662997914],[105.55082356365659,22.413798472921258],[105.56940973277301,22.41976299166879],[105.56030064995508,22.40457736605265],[105.51752705343085,22.402109079570437],[105.51285469229026,22.35032990140388],[105.47726163461681,22.310634422540602],[105.48959639585706,22.2950203670963],[105.43453393229521,22.26101205156499],[105.42990081217283,22.215148594032428],[105.4682021691948,22.16170449017011],[105.49104263071291,22.15824405451957],[105.46273253298006,22.11877492692139],[105.46136230432694,22.075717821820092],[105.5033555941854,21.99334245039381],[105.55377108626669,21.958964589943946],[105.55091268197475,21.909564231903857],[105.51719592755006,21.880505044772065],[105.52607456808693,21.836659025593633],[105.49221790972882,21.82816258253723],[105.49329513206476,21.779331589781066],[105.5235995142063,21.767745716491675],[105.47567650037024,21.69814250777057],[105.4952227991929,21.619331377141407],[105.54023236573113,21.575272429079405],[105.51835834536143,21.535267805564843],[105.42131872937591,21.498235819127785],[105.36885306991331,21.525590773895146],[105.33718313829127,21.50467817196011],[105.2995192531111,21.51021446322693],[105.22448999921414,21.62812661724962],[105.23243638812886,21.65978619857424],[105.15511455639171,21.683038332852846],[105.05481924441267,21.746478325714236],[105.098033068971,21.814386767435394],[105.01193816361541,21.89999546152137],[105.01743472193493,21.936032211417455],[104.98540929999928,21.937035464515134],[104.995568179428,22.044890052234166],[104.96029717887177,22.030735023602517],[104.93415051273604,22.058600929089664],[104.87765444619578,22.07510544016401],[104.84700712917572,22.18619764480553],[104.75949243982427,22.17123341159271],[104.72229925080984,22.201007922177894],[104.72097054835217,22.25860277319947],[104.62520727719414,22.288842549843878],[104.54965167258666,22.24388771604532],[104.54141965269486,22.278224545826163],[104.57631026160936,22.302594515824296],[104.56368324138856,22.332670792123395],[104.57887848705258,22.349134454191756],[104.46510887477478,22.425602260036328],[104.44685007417166,22.46069181607453],[104.47240793437874,22.484671304936796],[104.41263702617789,22.52899943807364],[104.42294840634395,22.574392900012356],[104.4642893675603,22.57564799206125],[104.4579993400975,22.61313625853154],[104.41063077179274,22.638611586155832],[104.396628728633,22.681389520110315],[104.35771358521384,22.674391565218627],[104.33228507089939,22.692545065102706],[104.33937797891065,22.71147020218814],[104.35270245575379,22.692806385606275],[104.39792624709867,22.703010011702702],[104.5735021896744,22.85325228696354],[104.59121118884536,22.851559680135153],[104.59794428889785,22.817252116092334],[104.62316787020109,22.848103032429037],[104.67059881368436,22.819055163265205],[104.72927420284225,22.82403358258381],[104.72257607562545,22.85111905370144],[104.75618600857752,22.860297163982978],[104.77212192508682,22.90266822126148],[104.83740002429175,22.92325027288183],[104.86424629463085,22.95205466589016],[104.83105046170948,23.000669833046402],[104.80003450179089,23.12543490020056],[104.82559897111571,23.109252277170924],[104.8667608287493,23.125845784255603],[104.88117962224186,23.168373735459568],[104.90953850459834,23.18252444464747],[104.94889144518413,23.1511029255596],[104.95658259481098,23.20141459181002],[105.02311937615832,23.22034469675043],[105.08020893589372,23.269633446226635],[105.10898014122063,23.247124873214375],[105.1719954436349,23.289995554251504],[105.22854873763418,23.263844244016695],[105.25143585867801,23.339490826740303],[105.28093585210797,23.342874604179713],[105.32188750940111,23.39390213527537],[105.36947715444717,23.320147968054357],[105.41533288140744,23.284156119509362],[105.4393467297678,23.30190885091281],[105.49878725043135,23.202744601881932],[105.55141927727789,23.188419193091363],[105.57030463105394,23.15896754181864],[105.56142269719976,23.120299087832677],[105.52976366086432,23.11204816868809],[105.48914054300172,23.008409836544786],[105.37346402174728,22.990665081228542],[105.35930211420128,22.940243517824115],[105.30601033390985,22.91324035715678],[105.3019537952315,22.877341310553106],[105.26479064896932,22.86915486290667],[105.46773588060648,22.75496955250287],[105.4758424189925,22.718448635496202],[105.50243963378216,22.698416841264248],[105.49256048397922,22.644033055581076]]]}},{"type":"Feature","properties":{"name":"Tây Ninh","type":"Tỉnh","region":"NAM","lon":106.2976,"lat":11.0861},"geometry":{"type":"Polygon","coordinates":[[[106.37126384994679,10.970392207234624],[106.40934935079196,10.975172129989858],[106.53406871080244,10.902945431586431],[106.49897278036957,10.786469270040811],[106.46369449890204,10.758865678808093],[106.48736219101238,10.729022450126024],[106.51817048488005,10.724637832470023],[106.55554734873124,10.650687161583278],[106.60404422086418,10.660320014057447],[106.63878272834029,10.626006593629427],[106.68338539931676,10.656931348802743],[106.72779322767536,10.635916379737182],[106.71858741018087,10.599097974192205],[106.74403146388102,10.577240776540634],[106.74587508936395,10.52091256486301],[106.68058926588196,10.440991265234743],[106.6605253901347,10.44441773888758],[106.6455978771404,10.484806304567371],[106.62560848684228,10.45291815065218],[106.58295083181548,10.436753214589203],[106.58253045541625,10.417647178874233],[106.52782505778026,10.434473357659385],[106.45020757931638,10.397399501485836],[106.45401277636859,10.411038802199016],[106.42526474657086,10.412639741131215],[106.41223051782418,10.433412647775526],[106.4522172844002,10.451955606266267],[106.41524860124201,10.489246672096272],[106.38936447868781,10.476117196151733],[106.36786781474791,10.490017772402325],[106.34662159041414,10.54537050924165],[106.28496766732405,10.588056121492855],[106.0996871504417,10.576599839610935],[106.10054156664006,10.52367699090047],[105.90827359265222,10.539464897886774],[105.83255684662123,10.639377227277294],[105.77716819895329,10.661236318901047],[105.59393264687424,10.831725452267847],[105.61067840918128,10.833056313997758],[105.58144194588914,10.893149946612823],[105.51408688130459,10.923734016112007],[105.49763023214956,10.95393547893923],[105.66687060829202,10.98889172397395],[105.72442377663606,11.02587863009478],[105.77539517384827,11.033268060772457],[105.86239715520463,10.902429183859795],[105.85131762091152,10.862712688739634],[105.92976728703076,10.840766480688558],[105.9416015377808,10.917522108258765],[106.07310958314082,10.814264141676858],[106.15981951326,10.815620682648444],[106.18878904877562,10.790987249062368],[106.18528523432616,10.842020372142485],[106.13398050519623,10.915784261934164],[106.14134439512782,10.97777016526095],[106.20149922031283,10.976411236589342],[106.18724875202832,11.048908506822158],[106.15351821639263,11.101749621547867],[106.10262657915337,11.07049655267383],[106.01871244072663,11.143831636720734],[106.01291139264669,11.187245505575675],[105.9335382010272,11.21056128397612],[105.90718815500941,11.279733304648346],[105.86313606877462,11.282730875429593],[105.87235530954996,11.401375979617796],[105.90182446342828,11.442270728711208],[105.87274685368442,11.462698199462409],[105.87565696989333,11.550133214276457],[105.81795720126388,11.567526086459793],[105.8077919438432,11.597214468073275],[105.83107602743678,11.648752612643023],[105.88153561058004,11.678055858690982],[105.95235415322168,11.64057907566388],[106.0208362203154,11.776426411949387],[106.06971543382025,11.777505834027068],[106.15071737680557,11.73808458723397],[106.18803308675763,11.753772498601961],[106.26659243779085,11.71892254443992],[106.29933145558226,11.676565192829457],[106.38180801782585,11.701289196239486],[106.45060612287432,11.673752966026598],[106.4841367751921,11.606018132131169],[106.47741332216714,11.551037518566659],[106.43211989181964,11.540305518285095],[106.42335604434601,11.495223600388897],[106.367094684672,11.450342122491008],[106.32491803743756,11.344200102952414],[106.3837673617744,11.190802478051978],[106.4277841433236,11.170083649440926],[106.44572060082515,11.136677530743498],[106.41053769066195,11.009212722189432],[106.35645283962691,10.997216456774083],[106.37126384994679,10.970392207234624]]]}},{"type":"Feature","properties":{"name":"Vĩnh Long","type":"Tỉnh","region":"NAM","lon":106.2856,"lat":9.9358},"geometry":{"type":"Polygon","coordinates":[[[106.65029588964364,9.839890587980278],[106.56063822557371,9.745352018980554],[106.57641662942399,9.666041060446616],[106.53631277561414,9.589766020685374],[106.4984303093114,9.557396744763992],[106.37620769662794,9.528787440787823],[106.34141711660669,9.580356987884727],[106.30187852627301,9.584214584835252],[106.21062964134495,9.64870390306271],[105.9591785524483,9.902506264952194],[105.8567889964151,9.96905964058999],[105.78285290084074,10.068213337875306],[105.68242060412763,10.142489905085085],[105.7259899513752,10.206036678949602],[105.7629459711797,10.179523707253338],[105.77308929503499,10.190582014848133],[105.79955032818515,10.156479625734164],[105.86880257198118,10.155336689037028],[105.87449176058635,10.190391519553032],[105.91157692213733,10.193498655638507],[105.91787734576297,10.211943824547916],[105.87520414235735,10.265432577051854],[105.9843117446913,10.331910699219463],[106.08633726685144,10.277740139196112],[106.2189948202548,10.318725852016485],[106.39110606169544,10.338793782806874],[106.5349923442214,10.268645254874684],[106.67864446756818,10.236576361509947],[106.7725438029542,10.191497607428687],[106.78918428702531,10.11299588495217],[106.64755137369701,9.977149247439854],[106.68588532214994,9.875771013221708],[106.6476577823808,9.82229957716379],[106.65029588964364,9.839890587980278]]]}},{"type":"Feature","properties":{"name":"Điện Biên","type":"Tỉnh","region":"BAC","lon":103.2822,"lat":21.714},"geometry":{"type":"Polygon","coordinates":[[[103.45220222855005,22.009821007933226],[103.50388310991764,21.956076890236318],[103.47836521288434,21.91258598455562],[103.53855853804617,21.828602754813346],[103.53912801664472,21.778182995448958],[103.59613833441665,21.683184585999868],[103.57128241305298,21.682207043620224],[103.54068310813898,21.64847911691777],[103.5570931877005,21.62485044549169],[103.51482803728413,21.534442827774342],[103.44977806640469,21.502644888450902],[103.44770151471317,21.43787391694775],[103.33505437326079,21.421559718606204],[103.38526308961997,21.367913577549587],[103.3679071418012,21.334656664473528],[103.42599140477955,21.313686373727194],[103.43726814960547,21.28693564286567],[103.43282735939516,21.17372219922015],[103.3955160983893,21.15150500385289],[103.42224291807628,21.070713544494538],[103.37910790920273,21.062420703452744],[103.28922690929448,21.097871930844974],[103.3018783002434,21.063381846694938],[103.27264065704077,21.053661802250417],[103.29041832394654,21.022916096700555],[103.29593836176605,20.950459195235737],[103.27269685117881,20.93479872488132],[103.28593970915034,20.908080717651046],[103.21422058181446,20.895441760728716],[103.16562307644386,20.91546354820423],[103.11419530926617,20.896988755626637],[103.03063987892733,21.05873763703238],[102.96934655699806,21.06891101623046],[102.93756188177548,21.127989776507036],[102.94546691896318,21.143246239022744],[102.9033523528289,21.1664005378546],[102.90863722422858,21.230587372709124],[102.86264416089938,21.25712189306097],[102.81898151708339,21.247226636400228],[102.80573360402269,21.26450145457852],[102.85293920977676,21.300391484579393],[102.89592503910933,21.306661302477153],[102.89442452207408,21.38423900212831],[102.94079714517216,21.456876682612858],[102.86875745359367,21.428408952611107],[102.88500047868922,21.47744378480286],[102.90452543210307,21.479651089826007],[102.98968749857926,21.5864390132499],[102.98648090377077,21.72378554096997],[102.96625332533074,21.747674309821605],[102.87496084037053,21.705427170127848],[102.85516955722932,21.722539984432785],[102.84964926759966,21.83936586893975],[102.8229503089097,21.83965872147286],[102.80829942467875,21.818803413546732],[102.82278600816778,21.73510610076596],[102.74469555285754,21.663681968148353],[102.67473264319699,21.65762159605987],[102.6460097719335,21.73465591363953],[102.65925103900429,21.786670495646888],[102.64312842773484,21.859595737053667],[102.60935242777236,21.87702176004626],[102.60901215758508,21.91956442505824],[102.50526715685385,21.9741219111973],[102.4861438739407,22.007680293211024],[102.51766270057323,22.029700902174966],[102.4397763086298,22.075028486075837],[102.4328326377161,22.11778862964161],[102.3828388278497,22.130112816653195],[102.38043151630148,22.151256020948665],[102.33329592186936,22.167253280214766],[102.3128601467784,22.212188067225554],[102.27721774060632,22.20572787454182],[102.27074230711185,22.23738817442478],[102.23869275366769,22.239968618956652],[102.23204703893975,22.284078126004772],[102.175411179982,22.30617523489923],[102.1933620716024,22.33756000678892],[102.16635758443505,22.35000345919235],[102.14208323305485,22.401780832419547],[102.15729857227137,22.430951241406717],[102.18435904943067,22.43655504388022],[102.2609925427717,22.415995729819144],[102.24669649864455,22.461837278967323],[102.31930596469857,22.5493444275034],[102.34702274820131,22.49233711976234],[102.38982281537068,22.46078643194835],[102.38905292195483,22.404701620883145],[102.44721313987458,22.3588694174897],[102.51491293618312,22.260000958177727],[102.54416674200161,22.243324141495975],[102.58047841194923,22.257553507188675],[102.61777043375855,22.2347999426633],[102.61710840233098,22.19887969993823],[102.67174100164596,22.16865115672556],[102.69568050035485,22.210076280995622],[102.6599272167677,22.25507515549407],[102.72782671203322,22.238683300693822],[102.75138698731968,22.20874794546137],[102.74117313143495,22.13494842722821],[102.77502805679944,22.088588584395723],[102.81737493670403,22.067162313989627],[102.88916004370111,22.075672491492355],[102.92402511097015,22.107851078764327],[102.92803516908782,22.07035259059961],[102.98481791161737,22.027837184038844],[102.99820915322988,22.052861898258072],[103.09165322301789,22.058689325252203],[103.09959997705738,22.10322251011081],[103.14009239284974,22.069422133124988],[103.16962759743575,22.081464444728397],[103.28119196683588,22.039605304041572],[103.27122790664265,22.076290496609204],[103.2861624946035,22.110681892755224],[103.33078621331316,22.154743241107724],[103.38667038562983,22.157275323697263],[103.42204171365421,22.06841017099265],[103.46680846593802,22.03132640968613],[103.45220222855005,22.009821007933226]]]}},{"type":"Feature","properties":{"name":"Đà Nẵng","type":"Thành phố","region":"TRUNG","lon":107.9766,"lat":15.5575},"geometry":{"type":"MultiPolygon","coordinates":[[[[108.64393706814127,15.478161109547614],[108.63794768044119,15.482103115966083],[108.64736130607946,15.48150979364209],[108.64393706814127,15.478161109547614]]],[[[108.61664446696864,15.480020751956204],[108.61173922908222,15.489389285587094],[108.62436112226806,15.481374047274528],[108.61664446696864,15.480020751956204]]],[[[108.67363201660436,15.486118739987887],[108.6491471033562,15.49577221481593],[108.67281083125494,15.516835535931307],[108.68143386378188,15.507486425857905],[108.67363201660436,15.486118739987887]]],[[[107.77210521868096,16.06775584615542],[107.82156833860802,16.0565670010663],[107.8257460933076,16.055416103570394],[107.82894672201365,16.05510385805667],[107.83031352245126,16.055394206097592],[107.81998969386933,16.082226020614428],[107.87315935432088,16.161014189753132],[107.86560807715108,16.18470249072743],[107.9096202973389,16.21640037687598],[107.95434461870934,16.19018341793054],[107.98739812492357,16.21439420792649],[108.05691625418189,16.18007310369086],[108.19244818383675,16.211386362390783],[108.15437102690152,16.190263418921802],[108.12113649255525,16.13220908358244],[108.16768644307507,16.081348489141476],[108.22068192193314,16.086225296760063],[108.23243817718031,16.03385231153493],[108.20440751589416,16.008721112189562],[108.23704267008321,16.025146001786595],[108.22209191141263,16.097068508105224],[108.24028141835294,16.109424544607066],[108.21109335657331,16.123361822190475],[108.2304851797474,16.147327546029544],[108.25038997981392,16.155725726461128],[108.30374747986241,16.1239652394043],[108.31942343474378,16.143717913750777],[108.33711181875555,16.118684530966448],[108.24684917175205,16.087268550803003],[108.28590448755281,15.967272159032373],[108.4035697844181,15.871156681435764],[108.42090666391147,15.795387971677599],[108.50641996690803,15.65587812927231],[108.64395691258153,15.500311537447544],[108.62994782503216,15.481632807408175],[108.60660036891198,15.496667366705651],[108.59799013643573,15.490583682391105],[108.6250457131892,15.474230287098123],[108.62197275943538,15.453520137844123],[108.65065550564714,15.439559367271045],[108.65349157527606,15.476154457662119],[108.67535649810395,15.445133497512927],[108.66743005255495,15.464433413571214],[108.68785642163658,15.486783082673185],[108.6977516432238,15.438406451696437],[108.7368287563421,15.400675583211637],[108.71228496807686,15.372091221033088],[108.65018676730551,15.369424100741696],[108.48403547335846,15.310241171992516],[108.43235629800483,15.326887050197286],[108.39446073397573,15.300004248497316],[108.31327454778221,15.299125216055927],[108.2794517021344,15.243590527480933],[108.30562847127698,15.224999534401036],[108.28972307236194,15.198760613111858],[108.29974988904621,15.174809291016004],[108.23363726035137,15.079354838954714],[108.2397477318724,15.036785398427469],[108.21039684333971,15.033133657192593],[108.16971213630609,15.063010641927633],[108.14993244812405,15.053415675193321],[108.14830599182812,14.964274545733758],[108.08784860502914,14.951615609472867],[108.04253900666987,14.994540871264235],[107.98514822171313,15.001889809966826],[107.950753831724,15.054129700025669],[107.97455014127604,15.07048704064448],[107.99815936486289,15.153221088682358],[107.94938522724652,15.17638832156382],[107.92651160862391,15.210291588186294],[107.88964097674972,15.194312529399781],[107.73510073531077,15.230264183645204],[107.72701664670092,15.309086636738925],[107.69101496586802,15.318740249163227],[107.63656973490538,15.415839948854625],[107.60130953430763,15.421950557971911],[107.55962260569873,15.395761567942031],[107.51708362520918,15.416563734029125],[107.51235238365564,15.47368002970967],[107.47749304956466,15.47878967540322],[107.46927020905298,15.498592619154124],[107.38046012543452,15.49481640185553],[107.34105765828434,15.61459821583503],[107.27386904112342,15.63530241787231],[107.26485903661529,15.72149000376072],[107.24541396098556,15.746063350043642],[107.21136819678492,15.741694219612612],[107.2276675212392,15.78539886806334],[107.20871770675683,15.828557253914198],[107.3257702482984,15.89050331997231],[107.3983503119174,15.896785116839737],[107.44144286379719,15.991871443112643],[107.48656441391665,16.041567014406212],[107.54456138779784,16.011509297416183],[107.55397009414457,16.04691240658235],[107.61808984137315,16.06495746711346],[107.61932082799387,16.0333484375804],[107.7008926003133,15.996001433019785],[107.77210521868096,16.06775584615542]],[[107.83528933283651,16.059778588910774],[107.83528933283645,16.059778588910774],[107.83397983757759,16.05853690378116],[107.83528933283651,16.059778588910774]],[[107.84543199479077,16.061150334720196],[107.85449630482123,16.06194784619766],[107.85063909911531,16.061678708905447],[107.84543199479089,16.06115033472031],[107.84022474117893,16.06083170312064],[107.84543199479077,16.061150334720196]],[[107.8577050697333,16.06224303942624],[107.8717420038904,16.05372008381488],[107.8875911187352,16.046065570769542],[107.89056337629881,16.04338491927865],[107.8943279383837,16.04032144617787],[107.89799361371433,16.036778897028512],[107.8577050697333,16.06224303942624]],[[107.90047001388012,16.03505579239095],[107.91106130893235,16.043969142262142],[107.91630957210724,16.046542326089497],[107.91106130893235,16.043969142262256],[107.90047001388012,16.035055792391063],[107.89799361371433,16.036778897028512],[107.90047001388012,16.03505579239095]],[[107.92997167195517,16.053938555220213],[107.94827805854494,16.062751974065172],[107.92283236657593,16.049988944578867],[107.92997167195517,16.053938555220213]],[[107.955444884374,16.065393239006823],[107.95544488437406,16.06539323900688],[107.95244371900253,16.064316952300732],[107.955444884374,16.065393239006823]],[[107.95944451485263,16.066273305668574],[107.95944451485256,16.06627330566856],[107.96098999888937,16.06574602955567],[107.95944451485263,16.066273305668574]],[[107.96126301957274,16.064163381035325],[107.96126301957275,16.06416338103537],[107.96098999888937,16.06574602955567],[107.96126301957274,16.064163381035325]],[[107.9608728487295,16.062632656658703],[107.95681328200743,16.0429720234402],[107.9570868305928,16.03892741606745],[107.9589962747583,16.03549861496913],[107.9608728487295,16.062632656658703]],[[107.9589962747583,16.03549861496913],[107.96672350428634,16.02653133185555],[107.97035980596036,16.02099242625951],[107.9589962747583,16.03549861496913]],[[107.97035980596036,16.02099242625951],[107.98138680815475,16.011226440847622],[107.98164973214949,16.008875336028044],[107.97035980596036,16.02099242625951]],[[107.98099346717481,16.003537562908264],[107.98099346717487,16.003537562908377],[107.9814883600914,16.007562806078738],[107.98099346717481,16.003537562908264]],[[107.9777770841452,15.988159559715939],[107.97263821007738,15.983784955519411],[107.9794185402335,15.991082761959944],[107.9777770841452,15.988159559715939]],[[107.96262157322707,15.975109207024332],[107.96262157322701,15.975109207024275],[107.96384995729305,15.976125015723616],[107.96262157322707,15.975109207024332]],[[107.95357210466898,15.962271070053873],[107.95357210466904,15.962271070053873],[107.95384003968616,15.96634753860809],[107.95357210466898,15.962271070053873]],[[107.9484659978076,15.953076281844972],[107.94891495016486,15.949693824610392],[107.95142222315712,15.957933975272795],[107.9484659978076,15.953076281844972]],[[107.951783642701,15.945704801635316],[107.98163469458552,15.920725517568656],[107.98777924591553,15.920651608584933],[107.99522948335402,15.921618399569525],[108.00206534444015,15.922956664518495],[108.00844049273462,15.925707290459115],[107.98163469458558,15.920725517568712],[107.951783642701,15.945704801635316]],[[108.00844049273462,15.925707290459115],[108.01988549711808,15.930762044233006],[108.02674098197085,15.932125538203115],[108.00844049273462,15.925707290459115]],[[108.03423886403243,15.93423477361597],[108.04096531683109,15.9354012130254],[108.02994252472786,15.932947460011242],[108.03423886403243,15.93423477361597]],[[108.07196977568478,15.926826225261651],[108.06010649032231,15.932175214614517],[108.06434926420724,15.928457469436694],[108.06879473269083,15.926989040212106],[108.07196977568478,15.926826225261651]],[[108.08102111663129,15.927082576000146],[108.0810211166314,15.927082576000203],[108.07817650344305,15.92691152217126],[108.08102111663129,15.927082576000146]],[[108.08445731555275,15.928743902609085],[108.08648078296181,15.934709093150161],[108.08961458484526,15.937641897455649],[108.08445731555275,15.928743902609085]],[[108.10315953318599,15.946046886654528],[108.11232269403718,15.945735100694378],[108.08961458484526,15.937641897455649],[108.10315953318599,15.946046886654528]],[[108.14116459686886,15.932709970909977],[108.1283107919096,15.934970214004238],[108.13350202140123,15.93245398376439],[108.13786371893553,15.932049127865014],[108.14116459686886,15.932709970909977]],[[108.14832766459008,15.93497519804713],[108.14470234730167,15.933641743505707],[108.14832766459011,15.934975198047027],[108.14832766459008,15.93497519804713]],[[108.14860836098711,15.947585384757758],[108.14860836098711,15.947585384757815],[108.14843422900687,15.946494835368469],[108.14860836098711,15.947585384757758]],[[108.17727430876238,15.941591971692162],[108.16714308618452,15.94221297784668],[108.1699280698246,15.940739884737923],[108.17398032323337,15.940246333201742],[108.17727430876238,15.941591971692162]],[[108.18019290108157,15.947963473235745],[108.18019290108151,15.947963473235802],[108.1780651454492,15.943318426304415],[108.18019290108157,15.947963473235745]],[[108.18045467934002,15.957401565829628],[108.18045467933996,15.957401565829684],[108.1803873840782,15.954823236952933],[108.18045467934002,15.957401565829628]],[[108.18514888501312,15.965977844402062],[108.18514888501323,15.965977844402175],[108.18299584957884,15.966224838705386],[108.18514888501312,15.965977844402062]],[[108.20132512825217,15.965308586921765],[108.20417095462591,15.961430837063517],[108.20403598353752,15.958805614805541],[108.20417095462602,15.961430837063517],[108.20362988291288,15.963139001263983],[108.20132512825217,15.965308586921765]],[[108.20588240764704,15.94742276125146],[108.2058824076471,15.94742276125146],[108.2027710708283,15.952565497499734],[108.20588240764704,15.94742276125146]],[[108.22043323960241,15.950808996537944],[108.2205009420649,15.950446344323382],[108.22043323960241,15.950808996538],[108.22043323960241,15.950808996537944]],[[108.22748364475454,15.958428373071056],[108.22654229275003,15.958377313019952],[108.22748364475444,15.958428373071001],[108.22748364475454,15.958428373071056]],[[108.22862561827773,15.959089823536642],[108.22779601026072,15.958609300478997],[108.2286256182777,15.959089823536601],[108.22862561827773,15.959089823536642]],[[108.23348294028551,15.965214232750668],[108.23348294028551,15.965214232750725],[108.23188325526203,15.963271089835043],[108.23348294028551,15.965214232750668]],[[108.24239572628181,15.974315967208156],[108.24239572628187,15.974315967208213],[108.23885380306064,15.97106185222276],[108.24239572628181,15.974315967208156]],[[108.24954316288671,15.976323860158061],[108.25569483594799,15.974387442176749],[108.24750806748062,15.9760899181896],[108.24954316288671,15.976323860158061]],[[108.25883549785999,15.967701465250457],[108.2645527210313,15.965206141550226],[108.25697396145506,15.972048698939943],[108.25883549785999,15.967701465250457]],[[108.27246807524148,15.964609101428948],[108.27204270460719,15.963398080956722],[108.27246807524153,15.964609101428946],[108.27246807524148,15.964609101428948]],[[108.27789934188121,15.964434374846576],[108.27789934188132,15.964434374846633],[108.27262742293706,15.964603975133354],[108.27789934188121,15.964434374846576]],[[108.28529884496581,15.966829141751555],[108.28483104731477,15.966638343834221],[108.28529884496578,15.966829141751532],[108.28529884496581,15.966829141751555]]],[[[111.194210392196,15.781299896672977],[111.21180334285015,15.798287145835104],[111.2281419568859,15.791470275732763],[111.2099736307785,15.771371519779905],[111.194210392196,15.781299896672977]]],[[[108.69424796097468,15.811683608911494],[108.6904709486754,15.81968108201636],[108.69651355735488,15.814884019981605],[108.69424796097468,15.811683608911494]]],[[[108.53911108500864,15.90406249019179],[108.53285981203078,15.91233633305535],[108.5407614479825,15.914910059651561],[108.53911108500864,15.90406249019179]]],[[[108.47871774882509,15.939013107269147],[108.47909725913127,15.950341692615098],[108.4844538793431,15.949715420929977],[108.47871774882509,15.939013107269147]]],[[[108.53608306588086,15.951367125692343],[108.53177851216867,15.923258976120906],[108.4816950129146,15.967875994881297],[108.5018189858576,15.979568780474892],[108.53608306588086,15.951367125692343]]],[[[108.44709644894203,15.969315868832325],[108.44705389931806,15.981873847200347],[108.4508575873079,15.980091403495521],[108.44709644894203,15.969315868832325]]],[[[108.2067543183573,16.212032287859813],[108.19864829977934,16.224392700462943],[108.20507549273992,16.227116556284216],[108.2067543183573,16.212032287859813]]],[[[112.44591297630302,16.01630972201616],[112.46068878805727,16.0486267886954],[112.59742401870358,16.073366073385728],[112.53339174313464,16.02456989158742],[112.44591297630302,16.01630972201616]]],[[[111.74751000907969,16.052485057439526],[111.77988295873166,16.080155450313953],[111.82211980658394,16.067641795932275],[111.78333425457225,16.03791862674342],[111.74751000907969,16.052485057439526]]],[[[111.56348214438549,16.189651476134884],[111.56100055603099,16.214910657101257],[111.64756093788702,16.28749598715018],[111.7757878148559,16.297567250128623],[111.80615856426641,16.266802015800522],[111.80126996293859,16.24086192124065],[111.7612227763102,16.215216717977285],[111.56348214438549,16.189651476134884]]],[[[111.94369007803482,16.33099944556801],[112.01274614012232,16.36566659363848],[112.07829508724865,16.343603274971315],[111.96088022774046,16.319616117589817],[111.94369007803482,16.33099944556801]]],[[[111.51769360037952,16.445620412751964],[111.60839973006364,16.539847454796302],[111.70745331571811,16.58539594906381],[111.77831072256197,16.509420602079103],[111.74130590734188,16.443097713688644],[111.51769360037952,16.445620412751964]]],[[[112.63528145327655,16.568457314553484],[112.63365716344754,16.575253041594692],[112.64167806119372,16.572895099229413],[112.63528145327655,16.568457314553484]]],[[[112.7352277572553,16.65792054339846],[112.7271186800831,16.67677309080557],[112.74189275164929,16.661046706440516],[112.7352277572553,16.65792054339846]]],[[[111.36042794369484,16.72412367536731],[111.37271214235153,16.74514759538539],[111.4035238023817,16.735133859340237],[111.39444295557792,16.710285389759065],[111.36042794369484,16.72412367536731]]],[[[112.3371554728468,16.829294256225126],[112.32480798619963,16.84855228905701],[112.34895428131517,16.846090204299628],[112.3371554728468,16.829294256225126]]],[[[112.19705080804852,16.970781039613314],[112.20251511308209,16.99195253388251],[112.24386153498199,17.002344639893238],[112.32454069689572,16.959042647600256],[112.34403273512271,16.92338409500013],[112.19705080804852,16.970781039613314]]],[[[111.45421180433141,17.068296156842223],[111.44527715401756,17.08886646781326],[111.50091051440876,17.11201943205117],[111.55987251120757,17.101074885098],[111.49164246922464,17.0661521110311],[111.45421180433141,17.068296156842223]]]]}},{"type":"Feature","properties":{"name":"Đắk Lắk","type":"Tỉnh","region":"TRUNG","lon":108.4645,"lat":12.9304},"geometry":{"type":"MultiPolygon","coordinates":[[[[108.98120592821107,12.688147321142026],[108.94073636419193,12.69583912187801],[108.90340735596476,12.678483644404707],[108.90964050040884,12.642852471664298],[108.86362294584234,12.614949550981066],[108.89417728375469,12.567326295572116],[108.85728765460163,12.494697685649726],[108.8769618271267,12.480118112261096],[108.86829258473506,12.454852554202091],[108.77838484528445,12.506374875200379],[108.73880340855055,12.477234990102772],[108.702959908573,12.476930874460322],[108.66796147094522,12.424452771977883],[108.68664238363914,12.371377608689727],[108.66116933579627,12.298265599677734],[108.59539698628197,12.278658075010185],[108.54097639224676,12.29846442359434],[108.50860879176241,12.278659871855666],[108.48020335420148,12.309602872474613],[108.4370744948921,12.251373369885187],[108.33339435866276,12.2484847618623],[108.3382880285697,12.229163869117315],[108.26516362510125,12.207647446172757],[108.24001771644453,12.16220591367204],[108.22448967935526,12.184304536125467],[108.18657265390493,12.174416249210594],[108.16423856915469,12.19782463619805],[108.11904627566514,12.176619456922424],[108.03873768569571,12.28939365189558],[107.97270839357753,12.29894614185099],[107.95110306365552,12.320196244960812],[107.9108714998199,12.399284382967949],[107.91988761971794,12.427809067934163],[107.9771419613325,12.445279886157891],[107.99905147164816,12.478726225235164],[107.94752683759356,12.525834162816409],[107.88503384973245,12.542533145987932],[107.8925841205608,12.567074918872436],[107.93201061489805,12.585772388984594],[107.91826670414514,12.647570062408477],[107.90289094116406,12.64924220156638],[107.91071462028356,12.693565600672002],[107.89345078282741,12.716637099822321],[107.9083072367896,12.741346885850135],[107.85843108882375,12.757548954920367],[107.84822573782759,12.81289950820576],[107.78387316691317,12.779736241534351],[107.55911705990445,12.797471190642966],[107.49730609540006,12.880330421611745],[107.48352978117452,12.956971613149449],[107.50486932276112,12.975545264602317],[107.48354216573841,13.02150770961316],[107.60542687614947,13.3052745566755],[107.69246570362935,13.372171287175206],[107.76315215025159,13.365854710826284],[107.83446513655684,13.399945933058405],[107.94105827132222,13.374481911710916],[107.98219026337,13.394639005785564],[108.00894931565847,13.382901871024558],[108.05278881115476,13.41468530518273],[108.11629855363537,13.413681834449164],[108.3440499102752,13.340318440643557],[108.37353458195543,13.268794192797827],[108.41894294566049,13.241047479857343],[108.42350444827173,13.19677449944362],[108.46232924220084,13.156407524687552],[108.45991705362917,13.119997333110462],[108.51360649614293,13.072080252102012],[108.50979247134552,13.037041926843472],[108.59034038260262,13.030688072696421],[108.67843282431545,12.997335878248236],[108.6919095743674,13.017471365211406],[108.75392127384777,13.033540988425898],[108.76012849713248,13.135235534892047],[108.83780990390403,13.163178986221283],[108.86895425193723,13.252660641275611],[108.86932843465956,13.285664134392334],[108.80830770623572,13.359657640887463],[108.79191660236938,13.475294422000047],[108.73887841290849,13.459277405527871],[108.70272593915081,13.48503881828691],[108.73818121529092,13.556376406446077],[108.8080682473518,13.578091774715688],[108.84895079804096,13.570419486570074],[108.87051955972998,13.53663694044252],[108.99087434077825,13.517668290559186],[109.11589379915955,13.587169222981288],[109.12135086465076,13.645198173157212],[109.14931813182636,13.634802949196796],[109.15607316004838,13.679133435859399],[109.19731707632207,13.695329465982127],[109.23099947124865,13.672844307718663],[109.22369610209347,13.642590581690058],[109.25135955220162,13.595322513523229],[109.29567484841556,13.570482137840429],[109.27629693865288,13.55471667793239],[109.28049167615,13.527900562760806],[109.2680090672647,13.560131211786029],[109.230131030123,13.600922263651569],[109.22037577542176,13.638567096694203],[109.20964737242838,13.632799741714734],[109.20559933504131,13.65206439445626],[109.19226014888682,13.616703565117461],[109.22154010968836,13.607098584432151],[109.24416602264387,13.5556360710479],[109.26757213524593,13.55516637312968],[109.24566928440998,13.524961895774936],[109.28143007104103,13.510443043711575],[109.29290253262582,13.527527265870674],[109.29451529764293,13.478076517017712],[109.32845151362653,13.465548115553133],[109.2942191652823,13.406312709563963],[109.25633813789483,13.428168080692444],[109.28828827038745,13.460339413133454],[109.24376750606564,13.493096027060062],[109.22686060413366,13.487246947988297],[109.2180289189995,13.44848244101189],[109.23701150927377,13.429741552530686],[109.2180737421096,13.418137081261364],[109.22544054944188,13.397907974873192],[109.211495454052,13.405323504775993],[109.26099038299986,13.35840339869793],[109.23836618505146,13.365876156959132],[109.22995423869725,13.352163763846647],[109.29328608808254,13.363869066204472],[109.29745903590583,13.335597945089148],[109.27713573542593,13.329024375774395],[109.28875528832594,13.286939230960797],[109.26454317902454,13.31755749178484],[109.26382409820366,13.294209180409382],[109.24608626586854,13.2904995947805],[109.28057398300297,13.232073391573806],[109.27603439057475,13.283768162970375],[109.2894831006646,13.283906847423111],[109.2935343018666,13.293223093570987],[109.31446597482494,13.258176178887595],[109.29160693601136,13.217628981792132],[109.30451266422813,13.188233025533748],[109.29091035982532,13.155039180114102],[109.32754060471518,13.090461436945816],[109.30064284818894,13.068707978790258],[109.3330923058653,13.0834953908996],[109.40627312020837,12.950299863048315],[109.42585002475892,12.946249088124944],[109.39118478325122,12.989494130849494],[109.45399590808478,12.91456778097836],[109.45782318169455,12.883014203642631],[109.42529410074224,12.848350455908871],[109.43308648525317,12.882882881939508],[109.38692560213491,12.844282622644982],[109.36462514573395,12.868159167011981],[109.31765746911697,12.836827930864388],[109.25375793528053,12.839150383283595],[109.22603844931507,12.813714528702576],[109.16447924911813,12.827600926241814],[109.14446223794198,12.784023283647684],[109.11466202833003,12.799427121664394],[109.08343311524612,12.743844887731427],[109.04008590593986,12.747247832421579],[108.98120592821107,12.688147321142026]]],[[[109.39530914610026,12.832545397951776],[109.39100366069044,12.834884387104808],[109.39497837185445,12.834228037593903],[109.39530914610026,12.832545397951776]]],[[[109.32168756233119,13.167505836824944],[109.31749100910287,13.169395102901717],[109.32047981958806,13.170514886552837],[109.32168756233119,13.167505836824944]]],[[[109.31230407387397,13.175184342883142],[109.30802403298281,13.17905202662979],[109.31142321401018,13.181214443791589],[109.31230407387397,13.175184342883142]]],[[[109.3382950179008,13.27737906709035],[109.32840499439504,13.289687224585805],[109.34010506809449,13.283923524451154],[109.3382950179008,13.27737906709035]]]]}},{"type":"Feature","properties":{"name":"Đồng Nai","type":"Tỉnh","region":"NAM","lon":107.1277,"lat":11.413},"geometry":{"type":"Polygon","coordinates":[[[107.5428033759751,11.363348189167652],[107.51659426361442,11.312859809732458],[107.5213443639513,11.25331919542458],[107.49532546180069,11.24335266389437],[107.49772214156366,11.221278575845645],[107.43251653670887,11.137443696469461],[107.45226875330036,11.113357737769434],[107.44321632057677,11.088484776051644],[107.41497187425267,11.051391796694134],[107.39278426208409,11.050712916467944],[107.46968529923726,11.008905761092024],[107.50240326300025,11.015222905812493],[107.54069956313441,10.978585460050965],[107.56741087760997,10.811363935996894],[107.49012461316045,10.769425292543247],[107.44199784532435,10.804649446514816],[107.35909949114864,10.728791273098807],[107.35025245278854,10.679020238793044],[107.31831709795574,10.669664013283636],[107.29742764367086,10.687842854264375],[107.29857695925932,10.755708285009405],[107.18659850421767,10.773008484753802],[107.13483453088895,10.746999806096198],[107.13123600433818,10.686312959975169],[107.0938599570714,10.653474906142037],[107.04412249265897,10.658700818887723],[106.99545968481664,10.63192197072243],[107.0242094799836,10.592643483210225],[107.00924781343588,10.555229311883295],[107.02551066768325,10.541476691196408],[106.98762128289593,10.530209260648917],[106.98206191502544,10.580033727274724],[106.91045673718872,10.60882400992017],[106.88007923297027,10.648974794850972],[106.82373536769313,10.629285929202297],[106.74961557030241,10.713503258768412],[106.81507197898873,10.780978469181036],[106.82333029415781,10.7608895302277],[106.87255508744738,10.769091296925865],[106.8628280552706,10.789713827031562],[106.88049509027627,10.811106237063257],[106.83708424494199,10.902995610159337],[106.81541714058864,10.905173830208128],[106.7609015053003,10.965251128436876],[106.79436341703814,10.973079513708626],[106.7729101471856,11.005880794263305],[106.80903014732348,11.028591340617936],[106.800689797796,11.061049098137403],[106.82624659770238,11.065083004477117],[106.87090121891617,11.021431909754881],[106.90574362237032,11.0227274910809],[106.92172085373448,11.05817975269349],[106.94731291785695,11.06068827214608],[106.96437056235163,11.149239282666827],[106.89958421693814,11.21114823550272],[106.91578327058153,11.219110920132891],[106.90998757166915,11.24292650665302],[106.92981770102614,11.245219966728143],[106.94984836121296,11.338734447137085],[106.91049926163168,11.356026155482766],[106.86863679075537,11.325365121103516],[106.87322144371473,11.308522705958183],[106.85497133236117,11.316498218518007],[106.85255907723968,11.377412293642465],[106.78333351722807,11.382076881043247],[106.7687470919048,11.427344375842324],[106.804861625064,11.453773510039525],[106.79543524883775,11.492609300878598],[106.75010015379911,11.475713407547744],[106.75413235412492,11.451219619789697],[106.68380101740308,11.395544278145962],[106.66810389607798,11.355523358016626],[106.61590231174233,11.363796484120485],[106.61185110784243,11.389212617468388],[106.56070405414886,11.37156464988874],[106.53780396128383,11.38935406373912],[106.54009067194704,11.42832691395597],[106.57246533480742,11.456863898050528],[106.55563699225343,11.48538398658178],[106.53867817965431,11.469113656270281],[106.49010198821622,11.498716672436558],[106.42335604434601,11.495223600388897],[106.43211989181964,11.540305518285095],[106.4710916709439,11.54752517584626],[106.48808256505839,11.570758358711316],[106.41259523068538,11.766364622429421],[106.4466985928658,11.82636214269877],[106.43988486499461,11.860164682554114],[106.46398449608768,11.867520215985223],[106.40858427864163,11.976556963433154],[106.45452522266095,11.989620171933439],[106.48472794543841,11.972765559283175],[106.62564654525193,11.976049837530013],[106.63082277495118,11.962112761394849],[106.6394381479522,11.975946156489954],[106.65727250092522,11.965183295073075],[106.65607984700739,11.988892676156127],[106.71556972876004,11.970351021682347],[106.79111019597883,12.08236750725473],[106.94434085005025,12.06873221751789],[107.04445633179432,12.134425264814183],[107.1506945320271,12.271996909030179],[107.20290421385846,12.298844461802503],[107.22222748710891,12.128563234605622],[107.23919895406851,12.115437131118767],[107.22816081826721,12.029635438025082],[107.24047463609566,12.039844400698598],[107.24746101581331,12.022643340417858],[107.29127757679879,12.02126993715791],[107.33477230639687,11.99310503766742],[107.35116623413444,11.940441843916005],[107.4253542936658,11.86183862485268],[107.3919471353521,11.770271540898932],[107.28670889310098,11.72982024480848],[107.2675099637139,11.640709405414782],[107.3026060299444,11.618073341811339],[107.31025598972224,11.554536889465908],[107.34435417990153,11.544055478977214],[107.36011910920956,11.582936034470436],[107.37727562517,11.542884607538667],[107.36547202511395,11.518562691914724],[107.40756636369679,11.52966239260536],[107.46900035668119,11.480816685141974],[107.42903598322408,11.4263381540826],[107.47302573385059,11.437061778977977],[107.48705380518902,11.399567570686884],[107.5428033759751,11.363348189167652]]]}},{"type":"Feature","properties":{"name":"Đồng Tháp","type":"Tỉnh","region":"NAM","lon":105.6493,"lat":10.5616},"geometry":{"type":"Polygon","coordinates":[[[106.7386219446471,10.49028672815001],[106.79835712368236,10.409981100547384],[106.82566220204905,10.32944738418945],[106.78087405489379,10.30730143761133],[106.76760626321851,10.278331261778362],[106.7725438029542,10.191497607428687],[106.67864446756818,10.236576361509947],[106.5349923442214,10.268645254874684],[106.39110606169544,10.338793782806874],[106.2189948202548,10.318725852016485],[106.08633726685144,10.277740139196112],[105.9843117446913,10.331910699219463],[105.87520414235735,10.265432577051854],[105.91787734576297,10.211943824547916],[105.91157692213733,10.193498655638507],[105.87449176058635,10.190391519553032],[105.86880257198118,10.155336689037028],[105.79955032818515,10.156479625734164],[105.77308929503499,10.190582014848133],[105.7629459711797,10.179523707253338],[105.7259899513752,10.206036678949602],[105.68084312041373,10.135048279554496],[105.62301441058662,10.187953876570191],[105.59810952383549,10.239508555175746],[105.48583479703831,10.33554503407612],[105.55204544464164,10.435671544206457],[105.57208441186617,10.430849497206566],[105.55233871266154,10.515849634453104],[105.51197945228995,10.547714181164565],[105.47828097388788,10.53585795368167],[105.36863023319876,10.575542896987145],[105.34091219873903,10.639764221741473],[105.34754429863051,10.722543838427441],[105.2763355932131,10.724771926783035],[105.3017895871198,10.758463046932093],[105.26427126980332,10.76863897660752],[105.25714550685973,10.802097796476176],[105.1945760280613,10.850021599916943],[105.18712386607365,10.913173942823278],[105.26132864759904,10.899118906212607],[105.33608302281328,10.858311138648162],[105.42417860405936,10.974106511606294],[105.49707872200548,10.954289649947441],[105.51408688130459,10.923734016112007],[105.58144194588914,10.893149946612823],[105.61067840918128,10.833056313997758],[105.59393264687424,10.831725452267847],[105.77716819895329,10.661236318901047],[105.83255684662123,10.639377227277294],[105.90827359265222,10.539464897886774],[106.10054156664006,10.52367699090047],[106.0996871504417,10.576599839610935],[106.28496766732405,10.588056121492855],[106.34662159041414,10.54537050924165],[106.36786781474791,10.490017772402325],[106.38936447868781,10.476117196151733],[106.41524860124201,10.489246672096272],[106.4522172844002,10.451955606266267],[106.41223051782418,10.433412647775526],[106.45643840800619,10.396297209648537],[106.52782505778026,10.434473357659385],[106.58253045541625,10.417647178874233],[106.58295083181548,10.436753214589203],[106.62560848684228,10.45291815065218],[106.6455978771404,10.484806304567371],[106.6605253901347,10.44441773888758],[106.67859480340752,10.440297195459266],[106.7386219446471,10.49028672815001]]]}}]}